Date,Open,High,Low,Close,Volume,Ex-Dividend,Split Ratio,Adj. Open,Adj. High,Adj. Low,Adj. Close,Adj. Volume
2010-01-04,32.16,33.1,32.1,32.42,1973200.0,0.0,1.0,32.16,33.1,32.1,32.42,1973200.0
2010-01-05,32.59,32.91,31.6,31.81,3494900.0,0.0,1.0,32.59,32.91,31.6,31.81,3494900.0
2010-01-06,31.82,32.23,31.79,31.91,2848800.0,0.0,1.0,31.82,32.23,31.79,31.91,2848800.0
2010-01-07,31.79,32.0,31.26,31.37,3421500.0,0.0,1.0,31.79,32.0,31.26,31.37,3421500.0
2010-01-08,31.33,31.33,30.45,31.04,3676600.0,0.0,1.0,31.33,31.33,30.45,31.04,3676600.0
2010-01-11,31.07,31.49,30.96,31.4,2062100.0,0.0,1.0,31.07,31.49,30.96,31.4,2062100.0
2010-01-12,31.12,31.28,30.67,30.81,1754300.0,0.0,1.0,31.12,31.28,30.67,30.81,1754300.0
2010-01-13,31.0,31.25,30.87,31.2,1697300.0,0.0,1.0,31.0,31.25,30.87,31.2,1697300.0
2010-01-14,31.11,31.53,31.11,31.35,1849700.0,0.0,1.0,31.11,31.53,31.11,31.35,1849700.0
2010-01-15,31.35,31.35,30.41,30.66,3193700.0,0.0,1.0,31.35,31.35,30.41,30.66,3193700.0
2010-01-19,31.65,32.05,31.03,31.77,4263900.0,0.0,1.0,31.65,32.05,31.03,31.77,4263900.0
2010-01-20,31.77,32.22,31.59,31.66,2720000.0,0.0,1.0,31.77,32.22,31.59,31.66,2720000.0
2010-01-21,31.73,32.06,30.58,30.62,3580500.0,0.0,1.0,31.73,32.06,30.58,30.62,3580500.0
2010-01-22,30.44,30.49,29.41,29.43,6155900.0,0.0,1.0,30.44,30.49,29.41,29.43,6155900.0
2010-01-25,30.37,30.39,29.53,29.98,5124500.0,0.0,1.0,30.37,30.39,29.53,29.98,5124500.0
2010-01-26,29.91,30.14,29.78,29.87,3778000.0,0.0,1.0,29.91,30.14,29.78,29.87,3778000.0
2010-01-27,29.89,30.13,29.58,30.12,3497900.0,0.0,1.0,29.89,30.13,29.58,30.12,3497900.0
2010-01-28,30.3,30.4,29.62,29.82,4008500.0,0.0,1.0,30.3,30.4,29.62,29.82,4008500.0
2010-01-29,29.99,29.99,29.55,29.64,3659600.0,0.0,1.0,29.99,29.99,29.55,29.64,3659600.0
2010-02-01,29.86,29.96,29.25,29.47,3016000.0,0.0,1.0,29.86,29.96,29.25,29.47,3016000.0
2010-02-02,29.55,30.41,29.4,30.38,5401400.0,0.0,1.0,29.55,30.41,29.4,30.38,5401400.0
2010-02-03,30.29,30.29,29.95,29.99,2845800.0,0.0,1.0,30.29,30.29,29.95,29.99,2845800.0
2010-02-04,29.75,29.84,28.97,29.0,3185800.0,0.0,1.0,29.75,29.84,28.97,29.0,3185800.0
2010-02-05,28.93,28.98,28.27,28.8,3590100.0,0.0,1.0,28.93,28.98,28.27,28.8,3590100.0
2010-02-08,28.84,29.08,28.44,28.78,2843200.0,0.0,1.0,28.84,29.08,28.44,28.78,2843200.0
2010-02-09,29.18,29.23,28.7,28.98,2680400.0,0.0,1.0,29.18,29.23,28.7,28.98,2680400.0
2010-02-10,28.99,29.0,28.42,28.76,3238200.0,0.0,1.0,28.99,29.0,28.42,28.76,3238200.0
2010-02-11,28.77,29.33,28.51,29.3,4317900.0,0.0,1.0,28.77,29.33,28.51,29.3,4317900.0
2010-02-12,29.08,29.16,28.51,29.1,4264100.0,0.0,1.0,29.08,29.16,28.51,29.1,4264100.0
2010-02-16,29.74,29.74,29.25,29.52,4033200.0,0.0,1.0,29.74,29.74,29.25,29.52,4033200.0
2010-02-17,29.82,29.96,29.52,29.66,3153900.0,0.0,1.0,29.82,29.96,29.52,29.66,3153900.0
2010-02-18,29.7,29.77,29.4,29.71,2734000.0,0.0,1.0,29.7,29.77,29.4,29.71,2734000.0
2010-02-19,29.69,29.69,29.25,29.35,3082200.0,0.0,1.0,29.69,29.69,29.25,29.35,3082200.0
2010-02-22,29.49,29.49,29.12,29.4,2078700.0,0.0,1.0,29.49,29.49,29.12,29.4,2078700.0
2010-02-23,29.26,29.41,29.0,29.02,2557000.0,0.0,1.0,29.26,29.41,29.0,29.02,2557000.0
2010-02-24,29.15,29.64,29.05,29.64,3775500.0,0.0,1.0,29.15,29.64,29.05,29.64,3775500.0
2010-02-25,29.19,29.64,28.92,29.62,3852800.0,0.0,1.0,29.19,29.64,28.92,29.62,3852800.0
2010-02-26,29.7,29.97,29.54,29.88,2897700.0,0.0,1.0,29.7,29.97,29.54,29.88,2897700.0
2010-03-01,29.94,30.33,29.9,30.29,2171800.0,0.0,1.0,29.94,30.33,29.9,30.29,2171800.0
2010-03-02,30.35,30.43,30.18,30.29,2422200.0,0.0,1.0,30.35,30.43,30.18,30.29,2422200.0
2010-03-03,30.32,30.45,30.13,30.28,1911400.0,0.0,1.0,30.32,30.45,30.13,30.28,1911400.0
2010-03-04,30.28,30.43,29.4,29.54,8266200.0,0.0,1.0,30.28,30.43,29.4,29.54,8266200.0
2010-03-05,29.6,30.1,29.54,30.1,2246300.0,0.0,1.0,29.6,30.1,29.54,30.1,2246300.0
2010-03-08,30.17,30.22,29.86,30.01,2039400.0,0.0,1.0,30.17,30.22,29.86,30.01,2039400.0
2010-03-09,29.86,30.09,29.8,30.06,2024300.0,0.0,1.0,29.86,30.09,29.8,30.06,2024300.0
2010-03-10,30.02,30.78,29.93,30.76,4061400.0,0.0,1.0,30.02,30.78,29.93,30.76,4061400.0
2010-03-11,30.7,31.2,30.19,31.19,3355900.0,0.0,1.0,30.7,31.2,30.19,31.19,3355900.0
2010-03-12,31.33,31.5,31.01,31.26,2034100.0,0.0,1.0,31.33,31.5,31.01,31.26,2034100.0
2010-03-15,31.2,31.35,31.02,31.32,1754900.0,0.0,1.0,31.2,31.35,31.02,31.32,1754900.0
2010-03-16,31.35,31.43,31.17,31.37,1794900.0,0.0,1.0,31.35,31.43,31.17,31.37,1794900.0
2010-03-17,31.34,31.72,31.27,31.67,1987900.0,0.0,1.0,31.34,31.72,31.27,31.67,1987900.0
2010-03-18,31.62,31.67,31.18,31.47,2248800.0,0.0,1.0,31.62,31.67,31.18,31.47,2248800.0
2010-03-19,31.06,31.65,30.95,31.06,3090100.0,0.0,1.0,31.06,31.65,30.95,31.06,3090100.0
2010-03-22,31.09,31.79,31.0,31.75,2577300.0,0.0,1.0,31.09,31.79,31.0,31.75,2577300.0
2010-03-23,31.82,32.16,31.61,32.07,2538800.0,0.0,1.0,31.82,32.16,31.61,32.07,2538800.0
2010-03-24,32.01,32.04,31.51,31.56,1720500.0,0.0,1.0,32.01,32.04,31.51,31.56,1720500.0
2010-03-25,31.59,31.74,31.12,31.22,2439200.0,0.0,1.0,31.59,31.74,31.12,31.22,2439200.0
2010-03-26,31.27,31.27,30.82,31.08,1575100.0,0.0,1.0,31.27,31.27,30.82,31.08,1575100.0
2010-03-29,31.52,31.58,31.16,31.54,1685100.0,0.0,1.0,31.52,31.58,31.16,31.54,1685100.0
2010-03-30,31.53,31.78,31.46,31.69,2309600.0,0.0,1.0,31.53,31.78,31.46,31.69,2309600.0
2010-03-31,31.47,31.65,31.18,31.36,2556100.0,0.0,1.0,31.47,31.65,31.18,31.36,2556100.0
2010-04-01,31.49,31.89,31.29,31.43,3165300.0,0.0,1.0,31.49,31.89,31.29,31.43,3165300.0
2010-04-05,30.77,31.18,30.25,30.96,7448300.0,0.0,1.0,30.77,31.18,30.25,30.96,7448300.0
2010-04-06,30.8,31.0,30.22,30.48,4687200.0,0.0,1.0,30.8,31.0,30.22,30.48,4687200.0
2010-04-07,30.42,32.91,29.9,32.46,18240100.0,0.0,1.0,30.42,32.91,29.9,32.46,18240100.0
2010-04-08,29.09,29.45,27.98,27.99,22647000.0,0.0,1.0,29.09,29.45,27.98,27.99,22647000.0
2010-04-09,28.16,28.36,27.91,28.25,7999300.0,0.0,1.0,28.16,28.36,27.91,28.25,7999300.0
2010-04-12,28.27,28.68,28.15,28.36,4233700.0,0.0,1.0,28.27,28.68,28.15,28.36,4233700.0
2010-04-13,28.37,28.5,28.1,28.37,3147300.0,0.0,1.0,28.37,28.5,28.1,28.37,3147300.0
2010-04-14,28.08,28.38,28.0,28.34,3267300.0,0.0,1.0,28.08,28.38,28.0,28.34,3267300.0
2010-04-15,28.34,28.43,28.17,28.21,3585500.0,0.0,1.0,28.34,28.43,28.17,28.21,3585500.0
2010-04-16,28.15,28.28,27.63,27.8,5831100.0,0.0,1.0,28.15,28.28,27.63,27.8,5831100.0
2010-04-19,27.79,28.12,27.79,28.01,3296900.0,0.0,1.0,27.79,28.12,27.79,28.01,3296900.0
2010-04-20,27.89,28.18,27.74,27.87,4534700.0,0.0,1.0,27.89,28.18,27.74,27.87,4534700.0
2010-04-21,27.33,27.71,27.3,27.46,7020000.0,0.0,1.0,27.33,27.71,27.3,27.46,7020000.0
2010-04-22,27.24,27.28,26.97,27.05,4505300.0,0.0,1.0,27.24,27.28,26.97,27.05,4505300.0
2010-04-23,27.1,27.53,26.96,27.4,4056600.0,0.0,1.0,27.1,27.53,26.96,27.4,4056600.0
2010-04-26,27.35,27.51,27.22,27.42,4336000.0,0.0,1.0,27.35,27.51,27.22,27.42,4336000.0
2010-04-27,27.4,27.83,26.99,27.05,5614000.0,0.0,1.0,27.4,27.83,26.99,27.05,5614000.0
2010-04-28,27.14,27.18,26.83,26.93,4404500.0,0.0,1.0,27.14,27.18,26.83,26.93,4404500.0
2010-04-29,27.06,27.36,27.01,27.21,4420500.0,0.0,1.0,27.06,27.36,27.01,27.21,4420500.0
2010-04-30,27.21,27.79,27.09,27.26,5067500.0,0.0,1.0,27.21,27.79,27.09,27.26,5067500.0
2010-05-03,27.47,27.53,26.98,27.13,5038400.0,0.0,1.0,27.47,27.53,26.98,27.13,5038400.0
2010-05-04,26.99,27.01,26.63,26.78,5143400.0,0.0,1.0,26.99,27.01,26.63,26.78,5143400.0
2010-05-05,26.4,27.12,26.4,27.05,5456400.0,0.0,1.0,26.4,27.12,26.4,27.05,5456400.0
2010-05-06,27.0,27.05,25.02,26.24,7007400.0,0.0,1.0,27.0,27.05,25.02,26.24,7007400.0
2010-05-07,26.11,27.23,25.95,26.57,8948800.0,0.0,1.0,26.11,27.23,25.95,26.57,8948800.0
2010-05-10,27.29,27.54,26.96,27.18,6220400.0,0.0,1.0,27.29,27.54,26.96,27.18,6220400.0
2010-05-11,26.94,27.45,26.73,27.12,3658300.0,0.0,1.0,26.94,27.45,26.73,27.12,3658300.0
2010-05-12,27.13,27.31,27.02,27.28,3594300.0,0.0,1.0,27.13,27.31,27.02,27.28,3594300.0
2010-05-13,27.23,27.23,26.73,26.76,4111100.0,0.0,1.0,27.23,27.23,26.73,26.76,4111100.0
2010-05-14,26.67,26.73,26.38,26.54,3838000.0,0.0,1.0,26.67,26.73,26.38,26.54,3838000.0
2010-05-17,26.56,26.56,25.79,26.19,5109200.0,0.0,1.0,26.56,26.56,25.79,26.19,5109200.0
2010-05-18,27.87,28.14,27.22,27.67,14980300.0,0.0,1.0,27.87,28.14,27.22,27.67,14980300.0
2010-05-19,27.54,27.54,26.9,27.16,6872100.0,0.0,1.0,27.54,27.54,26.9,27.16,6872100.0
2010-05-20,26.62,26.76,26.0,26.05,4923600.0,0.0,1.0,26.62,26.76,26.0,26.05,4923600.0
2010-05-21,25.75,26.3,25.57,26.12,4783200.0,0.0,1.0,25.75,26.3,25.57,26.12,4783200.0
2010-05-24,26.14,26.14,25.78,25.81,3445600.0,0.0,1.0,26.14,26.14,25.78,25.81,3445600.0
2010-05-25,25.25,25.85,25.25,25.83,4869100.0,0.0,1.0,25.25,25.85,25.25,25.83,4869100.0
2010-05-26,25.8,26.05,25.57,25.64,6465100.0,0.0,1.0,25.8,26.05,25.57,25.64,6465100.0
2010-05-27,25.98,26.13,25.79,26.07,2676800.0,0.0,1.0,25.98,26.13,25.79,26.07,2676800.0
2010-05-28,26.11,26.27,25.84,25.88,2738500.0,0.0,1.0,26.11,26.27,25.84,25.88,2738500.0
2010-06-01,25.66,26.18,25.47,25.49,3296200.0,0.0,1.0,25.66,26.18,25.47,25.49,3296200.0
2010-06-02,25.55,25.81,25.31,25.75,3683500.0,0.0,1.0,25.55,25.81,25.31,25.75,3683500.0
2010-06-03,25.7,25.92,25.68,25.87,3094400.0,0.0,1.0,25.7,25.92,25.68,25.87,3094400.0
2010-06-04,25.41,25.59,25.0,25.01,3802500.0,0.0,1.0,25.41,25.59,25.0,25.01,3802500.0
2010-06-07,25.15,25.31,24.62,24.64,5418500.0,0.0,1.0,25.15,25.31,24.62,24.64,5418500.0
2010-06-08,24.58,24.68,24.17,24.36,4343300.0,0.0,1.0,24.58,24.68,24.17,24.36,4343300.0
2010-06-09,24.65,25.11,24.6,24.83,7149300.0,0.0,1.0,24.65,25.11,24.6,24.83,7149300.0
2010-06-10,25.16,25.8,25.16,25.73,4820700.0,0.0,1.0,25.16,25.8,25.16,25.73,4820700.0
2010-06-11,25.45,25.9,25.32,25.86,4635100.0,0.0,1.0,25.45,25.9,25.32,25.86,4635100.0
2010-06-14,25.99,26.3,25.9,26.06,4121900.0,0.0,1.0,25.99,26.3,25.9,26.06,4121900.0
2010-06-15,26.31,27.05,26.27,27.02,5261000.0,0.0,1.0,26.31,27.05,26.27,27.02,5261000.0
2010-06-16,26.75,27.23,26.71,27.21,3036300.0,0.0,1.0,26.75,27.23,26.71,27.21,3036300.0
2010-06-17,27.25,27.35,26.85,27.3,4138500.0,0.0,1.0,27.25,27.35,26.85,27.3,4138500.0
2010-06-18,27.24,27.5,27.18,27.3,3862000.0,0.0,1.0,27.24,27.5,27.18,27.3,3862000.0
2010-06-21,27.54,27.55,27.04,27.19,3041700.0,0.0,1.0,27.54,27.55,27.04,27.19,3041700.0
2010-06-22,27.14,27.64,27.04,27.13,3467500.0,0.0,1.0,27.14,27.64,27.04,27.13,3467500.0
2010-06-23,27.2,27.41,26.87,27.24,3266000.0,0.0,1.0,27.2,27.41,26.87,27.24,3266000.0
2010-06-24,27.21,27.59,27.21,27.35,3272000.0,0.0,1.0,27.21,27.59,27.21,27.35,3272000.0
2010-06-25,27.42,27.76,27.17,27.63,4339000.0,0.0,1.0,27.42,27.76,27.17,27.63,4339000.0
2010-06-28,27.76,28.19,27.6,27.97,4273200.0,0.0,1.0,27.76,28.19,27.6,27.97,4273200.0
2010-06-29,27.58,28.08,27.47,27.68,5219600.0,0.0,1.0,27.58,28.08,27.47,27.68,5219600.0
2010-06-30,27.62,27.91,27.39,27.43,3885100.0,0.0,1.0,27.62,27.91,27.39,27.43,3885100.0
2010-07-01,27.34,27.36,26.69,27.17,4596600.0,0.0,1.0,27.34,27.36,26.69,27.17,4596600.0
2010-07-02,27.19,27.43,26.97,27.11,2335700.0,0.0,1.0,27.19,27.43,26.97,27.11,2335700.0
2010-07-06,27.37,27.71,27.13,27.31,3742500.0,0.0,1.0,27.37,27.71,27.13,27.31,3742500.0
2010-07-07,27.4,28.09,27.29,28.08,3924500.0,0.0,1.0,27.4,28.09,27.29,28.08,3924500.0
2010-07-08,28.25,28.34,27.97,28.32,3322300.0,0.0,1.0,28.25,28.34,27.97,28.32,3322300.0
2010-07-09,28.14,28.44,28.14,28.39,1788900.0,0.0,1.0,28.14,28.44,28.14,28.39,1788900.0
2010-07-12,28.27,28.44,28.17,28.25,2997900.0,0.0,1.0,28.27,28.44,28.17,28.25,2997900.0
2010-07-13,28.49,28.54,28.04,28.33,3933800.0,0.0,1.0,28.49,28.54,28.04,28.33,3933800.0
2010-07-14,28.2,28.46,28.12,28.44,2883800.0,0.0,1.0,28.2,28.46,28.12,28.44,2883800.0
2010-07-15,28.47,28.66,28.3,28.62,1841700.0,0.0,1.0,28.47,28.66,28.3,28.62,1841700.0
2010-07-16,28.54,28.66,27.94,27.96,2718500.0,0.0,1.0,28.54,28.66,27.94,27.96,2718500.0
2010-07-19,28.11,28.56,28.09,28.32,2873500.0,0.0,1.0,28.11,28.56,28.09,28.32,2873500.0
2010-07-20,28.13,28.33,27.74,28.1,3888000.0,0.0,1.0,28.13,28.33,27.74,28.1,3888000.0
2010-07-21,28.24,28.47,27.8,27.87,2979100.0,0.0,1.0,28.24,28.47,27.8,27.87,2979100.0
2010-07-22,28.16,28.61,28.16,28.41,3025700.0,0.0,1.0,28.16,28.61,28.16,28.41,3025700.0
2010-07-23,28.43,28.43,27.94,28.28,2756200.0,0.0,1.0,28.43,28.43,27.94,28.28,2756200.0
2010-07-26,28.21,28.84,28.21,28.84,2137200.0,0.0,1.0,28.21,28.84,28.21,28.84,2137200.0
2010-07-27,28.88,28.96,28.73,28.96,3057300.0,0.0,1.0,28.88,28.96,28.73,28.96,3057300.0
2010-07-28,28.91,29.0,28.26,28.33,4272900.0,0.0,1.0,28.91,29.0,28.26,28.33,4272900.0
2010-07-29,28.41,28.54,27.75,27.82,4187600.0,0.0,1.0,28.41,28.54,27.75,27.82,4187600.0
2010-07-30,27.66,27.96,27.41,27.75,2992600.0,0.0,1.0,27.66,27.96,27.41,27.75,2992600.0
2010-08-02,28.13,28.41,28.07,28.29,3586600.0,0.0,1.0,28.13,28.41,28.07,28.29,3586600.0
2010-08-03,28.25,28.54,28.2,28.25,1983900.0,0.0,1.0,28.25,28.54,28.2,28.25,1983900.0
2010-08-04,28.25,28.42,28.14,28.41,4512400.0,0.0,1.0,28.25,28.42,28.14,28.41,4512400.0
2010-08-05,28.24,28.57,28.19,28.49,1848900.0,0.0,1.0,28.24,28.57,28.19,28.49,1848900.0
2010-08-06,28.2,28.33,26.92,27.8,9827400.0,0.0,1.0,28.2,28.33,26.92,27.8,9827400.0
2010-08-09,27.94,28.51,27.94,28.45,3787600.0,0.0,1.0,27.94,28.51,27.94,28.45,3787600.0
2010-08-10,28.34,28.78,28.28,28.64,2647100.0,0.0,1.0,28.34,28.78,28.28,28.64,2647100.0
2010-08-11,28.51,28.51,27.87,27.93,2590600.0,0.0,1.0,28.51,28.51,27.87,27.93,2590600.0
2010-08-12,27.71,28.27,27.63,28.02,2465000.0,0.0,1.0,27.71,28.27,27.63,28.02,2465000.0
2010-08-13,27.93,28.06,27.78,27.88,1490600.0,0.0,1.0,27.93,28.06,27.78,27.88,1490600.0
2010-08-16,27.73,27.82,27.58,27.69,2293200.0,0.0,1.0,27.73,27.82,27.58,27.69,2293200.0
2010-08-17,27.93,28.28,27.75,28.04,2826800.0,0.0,1.0,27.93,28.28,27.75,28.04,2826800.0
2010-08-18,27.99,28.29,27.87,28.12,2652100.0,0.0,1.0,27.99,28.29,27.87,28.12,2652100.0
2010-08-19,28.07,28.17,27.63,27.77,2667800.0,0.0,1.0,28.07,28.17,27.63,27.77,2667800.0
2010-08-20,27.56,27.67,27.42,27.6,2450500.0,0.0,1.0,27.56,27.67,27.42,27.6,2450500.0
2010-08-23,27.81,28.01,27.71,27.84,2259300.0,0.0,1.0,27.81,28.01,27.71,27.84,2259300.0
2010-08-24,27.56,27.76,27.37,27.6,3264400.0,0.0,1.0,27.56,27.76,27.37,27.6,3264400.0
2010-08-25,27.38,27.86,27.38,27.73,2236000.0,0.0,1.0,27.38,27.86,27.38,27.73,2236000.0
2010-08-26,27.81,28.04,27.65,27.93,3127700.0,0.0,1.0,27.81,28.04,27.65,27.93,3127700.0
2010-08-27,28.04,28.14,27.68,28.0,2550400.0,0.0,1.0,28.04,28.14,27.68,28.0,2550400.0
2010-08-30,27.8,28.05,27.59,27.59,3486700.0,0.0,1.0,27.8,28.05,27.59,27.59,3486700.0
2010-08-31,27.51,27.69,27.27,27.29,3112400.0,0.0,1.0,27.51,27.69,27.27,27.29,3112400.0
2010-09-01,27.59,28.03,27.47,27.65,4174800.0,0.0,1.0,27.59,28.03,27.47,27.65,4174800.0
2010-09-02,28.26,29.25,28.25,29.19,7543900.0,0.0,1.0,28.26,29.25,28.25,29.19,7543900.0
2010-09-03,29.4,29.66,29.24,29.56,3740900.0,0.0,1.0,29.4,29.66,29.24,29.56,3740900.0
2010-09-07,29.37,30.17,29.3,29.45,5135500.0,0.0,1.0,29.37,30.17,29.3,29.45,5135500.0
2010-09-08,29.54,29.64,29.23,29.47,3570300.0,0.0,1.0,29.54,29.64,29.23,29.47,3570300.0
2010-09-09,29.76,29.78,29.56,29.61,1412000.0,0.0,1.0,29.76,29.78,29.56,29.61,1412000.0
2010-09-10,29.68,29.74,29.48,29.74,1781400.0,0.0,1.0,29.68,29.74,29.48,29.74,1781400.0
2010-09-13,29.89,29.94,29.64,29.86,1579400.0,0.0,1.0,29.89,29.94,29.64,29.86,1579400.0
2010-09-14,30.44,30.98,30.12,30.65,4708000.0,0.0,1.0,30.44,30.98,30.12,30.65,4708000.0
2010-09-15,30.5,31.27,30.31,31.27,5050100.0,0.0,1.0,30.5,31.27,30.31,31.27,5050100.0
2010-09-16,30.73,31.08,30.63,30.96,3397000.0,0.0,1.0,30.73,31.08,30.63,30.96,3397000.0
2010-09-17,31.05,31.35,30.89,31.25,3493500.0,0.0,1.0,31.05,31.35,30.89,31.25,3493500.0
2010-09-20,31.24,31.84,31.24,31.83,2737600.0,0.0,1.0,31.24,31.84,31.24,31.83,2737600.0
2010-09-21,31.78,31.78,31.27,31.59,3053700.0,0.0,1.0,31.78,31.78,31.27,31.59,3053700.0
2010-09-22,31.5,31.77,31.33,31.62,2460900.0,0.0,1.0,31.5,31.77,31.33,31.62,2460900.0
2010-09-23,30.74,31.26,30.47,30.97,2546800.0,0.0,1.0,30.74,31.26,30.47,30.97,2546800.0
2010-09-24,31.23,31.68,31.17,31.35,2799200.0,0.0,1.0,31.23,31.68,31.17,31.35,2799200.0
2010-09-27,31.32,31.4,31.03,31.07,2255600.0,0.0,1.0,31.32,31.4,31.03,31.07,2255600.0
2010-09-28,30.74,31.14,30.67,31.07,2853400.0,0.0,1.0,30.74,31.14,30.67,31.07,2853400.0
2010-09-29,31.01,31.22,30.89,31.11,2672400.0,0.0,1.0,31.01,31.22,30.89,31.11,2672400.0
2010-09-30,31.37,31.46,30.89,30.93,2678100.0,0.0,1.0,31.37,31.46,30.89,30.93,2678100.0
2010-10-01,31.18,31.28,30.93,31.04,2151300.0,0.0,1.0,31.18,31.28,30.93,31.04,2151300.0
2010-10-04,31.12,31.12,30.68,30.77,1456400.0,0.0,1.0,31.12,31.12,30.68,30.77,1456400.0
2010-10-05,31.08,31.42,30.87,31.31,1998700.0,0.0,1.0,31.08,31.42,30.87,31.31,1998700.0
2010-10-06,31.2,31.42,31.09,31.39,2489600.0,0.0,1.0,31.2,31.42,31.09,31.39,2489600.0
2010-10-07,31.5,31.58,31.17,31.47,1919600.0,0.0,1.0,31.5,31.58,31.17,31.47,1919600.0
2010-10-08,31.54,31.92,31.33,31.92,2090900.0,0.0,1.0,31.54,31.92,31.33,31.92,2090900.0
2010-10-11,31.89,32.38,31.78,32.24,2699200.0,0.0,1.0,31.89,32.38,31.78,32.24,2699200.0
2010-10-12,32.23,32.66,32.14,32.63,2608400.0,0.0,1.0,32.23,32.66,32.14,32.63,2608400.0
2010-10-13,32.79,33.38,32.63,33.26,3439200.0,0.0,1.0,32.79,33.38,32.63,33.26,3439200.0
2010-10-14,33.26,33.43,33.03,33.2,3289100.0,0.0,1.0,33.26,33.43,33.03,33.2,3289100.0
2010-10-15,33.4,33.5,33.06,33.31,3366000.0,0.0,1.0,33.4,33.5,33.06,33.31,3366000.0
2010-10-18,33.45,33.6,33.26,33.59,2406200.0,0.0,1.0,33.45,33.6,33.26,33.59,2406200.0
2010-10-19,33.23,33.31,32.72,33.02,2903100.0,0.0,1.0,33.23,33.31,32.72,33.02,2903100.0
2010-10-20,33.24,33.79,33.24,33.4,4378000.0,0.0,1.0,33.24,33.79,33.24,33.4,4378000.0
2010-10-21,33.47,33.6,33.13,33.37,3158300.0,0.0,1.0,33.47,33.6,33.13,33.37,3158300.0
2010-10-22,33.5,33.95,33.34,33.92,1938200.0,0.0,1.0,33.5,33.95,33.34,33.92,1938200.0
2010-10-25,34.08,34.14,33.83,33.89,2087200.0,0.0,1.0,34.08,34.14,33.83,33.89,2087200.0
2010-10-26,33.83,33.93,33.51,33.8,2620300.0,0.0,1.0,33.83,33.93,33.51,33.8,2620300.0
2010-10-27,33.58,33.84,33.48,33.76,1665800.0,0.0,1.0,33.58,33.84,33.48,33.76,1665800.0
2010-10-28,33.9,33.95,33.31,33.57,2530500.0,0.0,1.0,33.9,33.95,33.31,33.57,2530500.0
2010-10-29,33.42,33.49,32.95,33.05,2935200.0,0.0,1.0,33.42,33.49,32.95,33.05,2935200.0
2010-11-01,33.35,33.81,33.08,33.27,1879400.0,0.0,1.0,33.35,33.81,33.08,33.27,1879400.0
2010-11-02,33.62,34.17,33.56,33.64,4679600.0,0.0,1.0,33.62,34.17,33.56,33.64,4679600.0
2010-11-03,33.67,33.74,33.36,33.73,2172600.0,0.0,1.0,33.67,33.74,33.36,33.73,2172600.0
2010-11-04,34.09,34.09,33.76,33.97,1604200.0,0.0,1.0,34.09,34.09,33.76,33.97,1604200.0
2010-11-05,33.95,34.04,33.09,33.24,3092000.0,0.0,1.0,33.95,34.04,33.09,33.24,3092000.0
2010-11-08,33.15,33.39,32.73,32.84,3459600.0,0.0,1.0,33.15,33.39,32.73,32.84,3459600.0
2010-11-09,32.87,33.19,32.7,32.98,2899100.0,0.0,1.0,32.87,33.19,32.7,32.98,2899100.0
2010-11-10,32.87,33.09,32.66,33.06,1646300.0,0.0,1.0,32.87,33.09,32.66,33.06,1646300.0
2010-11-11,32.92,32.93,32.57,32.84,2116000.0,0.0,1.0,32.92,32.93,32.57,32.84,2116000.0
2010-11-12,32.63,32.68,32.44,32.62,1879800.0,0.0,1.0,32.63,32.68,32.44,32.62,1879800.0
2010-11-15,32.63,32.65,32.32,32.41,1646800.0,0.0,1.0,32.63,32.65,32.32,32.41,1646800.0
2010-11-16,32.25,32.55,31.8,31.91,1954300.0,0.0,1.0,32.25,32.55,31.8,31.91,1954300.0
2010-11-17,31.93,32.29,31.89,32.04,1933700.0,0.0,1.0,31.93,32.29,31.89,32.04,1933700.0
2010-11-18,32.26,32.8,32.26,32.77,1575400.0,0.0,1.0,32.26,32.8,32.26,32.77,1575400.0
2010-11-19,32.73,32.73,32.32,32.48,1709900.0,0.0,1.0,32.73,32.73,32.32,32.48,1709900.0
2010-11-22,32.5,32.57,32.19,32.49,1481300.0,0.0,1.0,32.5,32.57,32.19,32.49,1481300.0
2010-11-23,32.27,32.27,31.96,31.98,1494400.0,0.0,1.0,32.27,32.27,31.96,31.98,1494400.0
2010-11-24,32.13,32.21,31.95,32.17,1394700.0,0.0,1.0,32.13,32.21,31.95,32.17,1394700.0
2010-11-26,31.89,31.99,31.67,31.85,854900.0,0.0,1.0,31.89,31.99,31.67,31.85,854900.0
2010-11-29,31.63,32.63,31.46,32.48,5206400.0,0.0,1.0,31.63,32.63,31.46,32.48,5206400.0
2010-11-30,32.07,32.12,31.77,31.89,3546900.0,0.0,1.0,32.07,32.12,31.77,31.89,3546900.0
2010-12-01,32.27,32.48,32.14,32.38,2502300.0,0.0,1.0,32.27,32.48,32.14,32.38,2502300.0
2010-12-02,32.41,32.46,32.04,32.24,2089000.0,0.0,1.0,32.41,32.46,32.04,32.24,2089000.0
2010-12-03,32.18,32.32,32.01,32.31,1420000.0,0.0,1.0,32.18,32.32,32.01,32.31,1420000.0
2010-12-06,32.16,32.29,32.04,32.14,1085400.0,0.0,1.0,32.16,32.29,32.04,32.14,1085400.0
2010-12-07,32.37,32.48,31.91,32.14,1838900.0,0.0,1.0,32.37,32.48,31.91,32.14,1838900.0
2010-12-08,32.19,32.27,31.97,32.21,1284800.0,0.0,1.0,32.19,32.27,31.97,32.21,1284800.0
2010-12-09,32.29,32.36,32.03,32.12,1209700.0,0.0,1.0,32.29,32.36,32.03,32.12,1209700.0
2010-12-10,32.17,32.71,32.11,32.68,1269500.0,0.0,1.0,32.17,32.71,32.11,32.68,1269500.0
2010-12-13,32.76,32.79,32.46,32.52,1442200.0,0.0,1.0,32.76,32.79,32.46,32.52,1442200.0
2010-12-14,32.47,32.84,32.47,32.79,1417900.0,0.0,1.0,32.47,32.84,32.47,32.79,1417900.0
2010-12-15,32.59,33.13,32.59,33.1,2527000.0,0.0,1.0,32.59,33.13,32.59,33.1,2527000.0
2010-12-16,33.18,33.71,33.0,33.6,3450300.0,0.0,1.0,33.18,33.71,33.0,33.6,3450300.0
2010-12-17,33.47,33.59,32.69,32.71,3269800.0,0.0,1.0,33.47,33.59,32.69,32.71,3269800.0
2010-12-20,32.94,32.94,32.11,32.58,1898400.0,0.0,1.0,32.94,32.94,32.11,32.58,1898400.0
2010-12-21,32.6,32.75,32.42,32.44,1355600.0,0.0,1.0,32.6,32.75,32.42,32.44,1355600.0
2010-12-22,32.4,32.49,31.98,32.01,2302700.0,0.0,1.0,32.4,32.49,31.98,32.01,2302700.0
2010-12-23,31.97,32.49,31.95,32.38,1063400.0,0.0,1.0,31.97,32.49,31.95,32.38,1063400.0
2010-12-27,32.38,32.42,32.17,32.39,833000.0,0.0,1.0,32.38,32.42,32.17,32.39,833000.0
2010-12-28,32.36,32.43,32.05,32.12,1119400.0,0.0,1.0,32.36,32.43,32.05,32.12,1119400.0
2010-12-29,32.13,32.25,32.05,32.05,843400.0,0.0,1.0,32.13,32.25,32.05,32.05,843400.0
2010-12-30,32.05,32.11,31.92,31.97,884700.0,0.0,1.0,32.05,32.11,31.92,31.97,884700.0
2010-12-31,31.8,32.16,31.8,31.98,1065300.0,0.0,1.0,31.8,32.16,31.8,31.98,1065300.0
2011-01-03,31.99,32.08,31.8,31.85,1601200.0,0.0,1.0,31.99,32.08,31.8,31.85,1601200.0
2011-01-04,31.93,31.93,30.8,31.36,6466500.0,0.0,1.0,31.93,31.93,30.8,31.36,6466500.0
2011-01-05,31.34,32.0,31.17,31.79,4760200.0,0.0,1.0,31.34,32.0,31.17,31.79,4760200.0
2011-01-06,31.92,32.35,31.79,32.23,2445500.0,0.0,1.0,31.92,32.35,31.79,32.23,2445500.0
2011-01-07,32.33,32.34,31.62,31.69,2458200.0,0.0,1.0,32.33,32.34,31.62,31.69,2458200.0
2011-01-10,31.54,31.56,31.12,31.33,3214900.0,0.0,1.0,31.54,31.56,31.12,31.33,3214900.0
2011-01-11,31.48,31.65,31.27,31.41,2856000.0,0.0,1.0,31.48,31.65,31.27,31.41,2856000.0
2011-01-12,31.61,31.79,31.47,31.64,1281400.0,0.0,1.0,31.61,31.79,31.47,31.64,1281400.0
2011-01-13,31.57,31.61,31.22,31.56,1684900.0,0.0,1.0,31.57,31.61,31.22,31.56,1684900.0
2011-01-14,31.53,31.56,31.31,31.44,1712700.0,0.0,1.0,31.53,31.56,31.31,31.44,1712700.0
2011-01-18,32.8,32.8,31.94,32.26,4623900.0,0.0,1.0,32.8,32.8,31.94,32.26,4623900.0
2011-01-19,32.72,32.79,31.77,31.88,1939700.0,0.0,1.0,32.72,32.79,31.77,31.88,1939700.0
2011-01-20,31.83,32.07,31.54,31.99,2851800.0,0.0,1.0,31.83,32.07,31.54,31.99,2851800.0
2011-01-21,32.07,32.11,31.59,31.66,2031100.0,0.0,1.0,32.07,32.11,31.59,31.66,2031100.0
2011-01-24,31.79,32.3,31.7,32.11,2006300.0,0.0,1.0,31.79,32.3,31.7,32.11,2006300.0
2011-01-25,32.1,32.47,31.94,32.35,2181500.0,0.0,1.0,32.1,32.47,31.94,32.35,2181500.0
2011-01-26,32.47,32.86,32.4,32.62,2472500.0,0.0,1.0,32.47,32.86,32.4,32.62,2472500.0
2011-01-27,32.74,32.88,32.42,32.44,1805200.0,0.0,1.0,32.74,32.88,32.42,32.44,1805200.0
2011-01-28,32.46,32.54,31.9,31.99,2246700.0,0.0,1.0,32.46,32.54,31.9,31.99,2246700.0
2011-01-31,32.03,32.29,31.91,32.26,2268100.0,0.0,1.0,32.03,32.29,31.91,32.26,2268100.0
2011-02-01,32.38,33.04,32.38,32.81,3600700.0,0.0,1.0,32.38,33.04,32.38,32.81,3600700.0
2011-02-02,32.68,32.85,32.56,32.62,1834000.0,0.0,1.0,32.68,32.85,32.56,32.62,1834000.0
2011-02-03,32.64,33.15,32.54,33.1,2452700.0,0.0,1.0,32.64,33.15,32.54,33.1,2452700.0
2011-02-04,33.05,33.26,32.66,33.25,2418900.0,0.0,1.0,33.05,33.26,32.66,33.25,2418900.0
2011-02-07,33.35,33.61,33.27,33.5,2382100.0,0.0,1.0,33.35,33.61,33.27,33.5,2382100.0
2011-02-08,33.44,33.52,33.1,33.25,1829200.0,0.0,1.0,33.44,33.52,33.1,33.25,1829200.0
2011-02-09,33.24,33.41,33.07,33.41,2447900.0,0.0,1.0,33.24,33.41,33.07,33.41,2447900.0
2011-02-10,33.3,33.58,33.08,33.56,1866100.0,0.0,1.0,33.3,33.58,33.08,33.56,1866100.0
2011-02-11,33.4,33.76,33.29,33.62,1985600.0,0.0,1.0,33.4,33.76,33.29,33.62,1985600.0
2011-02-14,33.72,33.72,33.47,33.71,1389900.0,0.0,1.0,33.72,33.72,33.47,33.71,1389900.0
2011-02-15,33.6,34.09,33.58,34.01,2063800.0,0.0,1.0,33.6,34.09,33.58,34.01,2063800.0
2011-02-16,33.98,34.59,33.95,34.27,2486800.0,0.0,1.0,33.98,34.59,33.95,34.27,2486800.0
2011-02-17,34.2,34.37,34.12,34.26,1280800.0,0.0,1.0,34.2,34.37,34.12,34.26,1280800.0
2011-02-18,34.31,34.39,34.22,34.33,2092400.0,0.0,1.0,34.31,34.39,34.22,34.33,2092400.0
2011-02-22,31.96,33.27,31.9,32.9,6106700.0,0.0,1.0,31.96,33.27,31.9,32.9,6106700.0
2011-02-23,32.08,32.34,31.82,32.0,6313800.0,0.0,1.0,32.08,32.34,31.82,32.0,6313800.0
2011-02-24,31.89,32.07,31.66,31.93,2780100.0,0.0,1.0,31.89,32.07,31.66,31.93,2780100.0
2011-02-25,32.0,32.0,31.53,31.88,2561800.0,0.0,1.0,32.0,32.0,31.53,31.88,2561800.0
2011-02-28,32.46,32.57,32.07,32.4,3167700.0,0.0,1.0,32.46,32.57,32.07,32.4,3167700.0
2011-03-01,33.64,33.64,32.02,32.02,4371200.0,0.0,1.0,33.64,33.64,32.02,32.02,4371200.0
2011-03-02,32.01,32.13,31.73,32.03,2708300.0,0.0,1.0,32.01,32.13,31.73,32.03,2708300.0
2011-03-03,32.26,32.75,32.19,32.75,2637700.0,0.0,1.0,32.26,32.75,32.19,32.75,2637700.0
2011-03-04,32.74,32.87,32.27,32.47,2136700.0,0.0,1.0,32.74,32.87,32.27,32.47,2136700.0
2011-03-07,32.59,32.59,32.0,32.25,2334800.0,0.0,1.0,32.59,32.59,32.0,32.25,2334800.0
2011-03-08,32.29,32.54,32.01,32.5,1589000.0,0.0,1.0,32.29,32.54,32.01,32.5,1589000.0
2011-03-09,32.4,32.58,32.3,32.56,1267500.0,0.0,1.0,32.4,32.58,32.3,32.56,1267500.0
2011-03-10,32.33,32.39,31.93,31.93,1440500.0,0.0,1.0,32.33,32.39,31.93,31.93,1440500.0
2011-03-11,31.96,32.05,31.74,31.93,1648000.0,0.0,1.0,31.96,32.05,31.74,31.93,1648000.0
2011-03-14,31.6,31.93,31.45,31.58,1410700.0,0.0,1.0,31.6,31.93,31.45,31.58,1410700.0
2011-03-15,30.93,31.05,30.67,30.79,3204800.0,0.0,1.0,30.93,31.05,30.67,30.79,3204800.0
2011-03-16,30.73,30.78,30.03,30.32,4408900.0,0.0,1.0,30.73,30.78,30.03,30.32,4408900.0
2011-03-17,30.63,30.75,30.45,30.65,2787400.0,0.0,1.0,30.63,30.75,30.45,30.65,2787400.0
2011-03-18,30.87,31.07,30.52,30.6,4293300.0,0.0,1.0,30.87,31.07,30.52,30.6,4293300.0
2011-03-21,30.81,31.19,30.78,31.11,1679400.0,0.0,1.0,30.81,31.19,30.78,31.11,1679400.0
2011-03-22,31.13,31.21,30.79,30.82,1298300.0,0.0,1.0,31.13,31.21,30.79,30.82,1298300.0
2011-03-23,30.82,31.14,30.65,31.06,1790500.0,0.0,1.0,30.82,31.14,30.65,31.06,1790500.0
2011-03-24,31.16,31.46,30.94,31.31,1463400.0,0.0,1.0,31.16,31.46,30.94,31.31,1463400.0
2011-03-25,31.35,31.5,31.06,31.39,1466600.0,0.0,1.0,31.35,31.5,31.06,31.39,1466600.0
2011-03-28,31.48,31.49,30.92,30.93,1543400.0,0.0,1.0,31.48,31.49,30.92,30.93,1543400.0
2011-03-29,30.93,31.22,30.86,31.13,1208100.0,0.0,1.0,30.93,31.22,30.86,31.13,1208100.0
2011-03-30,31.33,32.94,31.33,32.48,6010700.0,0.0,1.0,31.33,32.94,31.33,32.48,6010700.0
2011-03-31,32.49,32.58,32.02,32.3,2849600.0,0.0,1.0,32.49,32.58,32.02,32.3,2849600.0
2011-04-01,32.42,32.98,32.08,32.8,3459300.0,0.0,1.0,32.42,32.98,32.08,32.8,3459300.0
2011-04-04,32.95,33.12,32.76,32.86,1767600.0,0.0,1.0,32.95,33.12,32.76,32.86,1767600.0
2011-04-05,32.8,33.09,32.78,33.03,2389000.0,0.0,1.0,32.8,33.09,32.78,33.03,2389000.0
2011-04-06,33.11,33.31,32.98,33.22,1840300.0,0.0,1.0,33.11,33.31,32.98,33.22,1840300.0
2011-04-07,33.13,33.21,32.8,33.03,1995100.0,0.0,1.0,33.13,33.21,32.8,33.03,1995100.0
2011-04-08,33.12,33.19,32.75,32.85,1239500.0,0.0,1.0,33.12,33.19,32.75,32.85,1239500.0
2011-04-11,32.98,34.27,32.95,34.22,3735800.0,0.0,1.0,32.98,34.27,32.95,34.22,3735800.0
2011-04-12,34.0,34.43,33.67,33.9,2490400.0,0.0,1.0,34.0,34.43,33.67,33.9,2490400.0
2011-04-13,34.04,34.07,33.83,33.89,1666800.0,0.0,1.0,34.04,34.07,33.83,33.89,1666800.0
2011-04-14,34.25,34.26,33.65,33.75,3456800.0,0.0,1.0,34.25,34.26,33.65,33.75,3456800.0
2011-04-15,33.83,33.97,33.72,33.94,2266800.0,0.0,1.0,33.83,33.97,33.72,33.94,2266800.0
2011-04-18,33.78,33.78,32.83,33.22,3266300.0,0.0,1.0,33.78,33.78,32.83,33.22,3266300.0
2011-04-19,33.22,34.34,33.1,34.04,6408600.0,0.0,1.0,33.22,34.34,33.1,34.04,6408600.0
2011-04-20,34.37,34.44,33.31,33.38,3701800.0,0.0,1.0,34.37,34.44,33.31,33.38,3701800.0
2011-04-21,33.56,33.72,32.43,32.55,6199000.0,0.0,1.0,33.56,33.72,32.43,32.55,6199000.0
2011-04-25,32.05,32.79,32.05,32.27,2700400.0,0.0,1.0,32.05,32.79,32.05,32.27,2700400.0
2011-04-26,32.46,32.94,32.37,32.94,2800000.0,0.0,1.0,32.46,32.94,32.37,32.94,2800000.0
2011-04-27,32.92,33.29,32.74,33.21,1899800.0,0.0,1.0,32.92,33.29,32.74,33.21,1899800.0
2011-04-28,33.11,33.44,33.11,33.31,1398200.0,0.0,1.0,33.11,33.44,33.11,33.31,1398200.0
2011-04-29,33.33,33.38,33.12,33.16,2055000.0,0.0,1.0,33.33,33.38,33.12,33.16,2055000.0
2011-05-02,33.28,35.15,33.25,34.74,7868000.0,0.0,1.0,33.28,35.15,33.25,34.74,7868000.0
2011-05-03,34.57,34.79,34.11,34.37,3427000.0,0.0,1.0,34.57,34.79,34.11,34.37,3427000.0
2011-05-04,34.51,34.59,34.14,34.37,2399600.0,0.0,1.0,34.51,34.59,34.14,34.37,2399600.0
2011-05-05,34.29,34.36,33.99,34.2,2503500.0,0.0,1.0,34.29,34.36,33.99,34.2,2503500.0
2011-05-06,34.5,34.65,34.09,34.26,2085600.0,0.0,1.0,34.5,34.65,34.09,34.26,2085600.0
2011-05-09,34.21,34.47,34.1,34.26,2316900.0,0.0,1.0,34.21,34.47,34.1,34.26,2316900.0
2011-05-10,34.42,34.45,34.02,34.04,3730600.0,0.0,1.0,34.42,34.45,34.02,34.04,3730600.0
2011-05-11,34.08,34.18,33.56,33.62,3735900.0,0.0,1.0,34.08,34.18,33.56,33.62,3735900.0
2011-05-12,33.58,34.36,33.33,34.32,4820300.0,0.0,1.0,33.58,34.36,33.33,34.32,4820300.0
2011-05-13,34.32,34.48,33.99,34.23,2275200.0,0.0,1.0,34.32,34.48,33.99,34.23,2275200.0
2011-05-16,34.11,34.88,34.11,34.45,3490100.0,0.0,1.0,34.11,34.88,34.11,34.45,3490100.0
2011-05-17,34.41,34.49,34.08,34.47,2176800.0,0.0,1.0,34.41,34.49,34.08,34.47,2176800.0
2011-05-18,34.5,35.18,34.39,35.15,3952500.0,0.0,1.0,34.5,35.18,34.39,35.15,3952500.0
2011-05-19,35.25,35.35,34.92,35.28,3653200.0,0.0,1.0,35.25,35.35,34.92,35.28,3653200.0
2011-05-20,35.29,35.42,35.16,35.37,4514300.0,0.0,1.0,35.29,35.42,35.16,35.37,4514300.0
2011-05-23,34.96,34.96,34.55,34.84,2925200.0,0.0,1.0,34.96,34.96,34.55,34.84,2925200.0
2011-05-24,34.86,35.07,34.81,34.96,1880300.0,0.0,1.0,34.86,35.07,34.81,34.96,1880300.0
2011-05-25,34.74,35.32,34.74,35.32,2866000.0,0.0,1.0,34.74,35.32,34.74,35.32,2866000.0
2011-05-26,35.2,35.59,35.14,35.51,2956800.0,0.0,1.0,35.2,35.59,35.14,35.51,2956800.0
2011-05-27,35.51,35.78,35.51,35.78,1723700.0,0.0,1.0,35.51,35.78,35.51,35.78,1723700.0
2011-05-31,36.03,36.18,35.83,36.02,3324700.0,0.0,1.0,36.03,36.18,35.83,36.02,3324700.0
2011-06-01,35.97,36.1,35.48,35.5,2351800.0,0.0,1.0,35.97,36.1,35.48,35.5,2351800.0
2011-06-02,35.49,35.71,35.4,35.57,1932700.0,0.0,1.0,35.49,35.71,35.4,35.57,1932700.0
2011-06-03,35.59,36.92,35.46,36.9,7488700.0,0.0,1.0,35.59,36.92,35.46,36.9,7488700.0
2011-06-06,36.81,36.99,36.31,36.31,4801800.0,0.0,1.0,36.81,36.99,36.31,36.31,4801800.0
2011-06-07,36.47,37.04,36.11,37.0,5247800.0,0.0,1.0,36.47,37.04,36.11,37.0,5247800.0
2011-06-08,36.87,37.12,36.67,37.06,5065700.0,0.0,1.0,36.87,37.12,36.67,37.06,5065700.0
2011-06-09,37.06,37.87,36.92,37.86,5418700.0,0.0,1.0,37.06,37.87,36.92,37.86,5418700.0
2011-06-10,37.67,38.0,37.5,37.95,4627300.0,0.0,1.0,37.67,38.0,37.5,37.95,4627300.0
2011-06-13,38.47,39.14,38.25,38.57,6043400.0,0.0,1.0,38.47,39.14,38.25,38.57,6043400.0
2011-06-14,38.84,39.05,38.32,38.92,4598600.0,0.0,1.0,38.84,39.05,38.32,38.92,4598600.0
2011-06-15,38.66,39.11,38.33,38.58,3159300.0,0.0,1.0,38.66,39.11,38.33,38.58,3159300.0
2011-06-16,38.51,38.73,38.46,38.53,3425600.0,0.0,1.0,38.51,38.73,38.46,38.53,3425600.0
2011-06-17,38.66,39.02,38.41,38.68,5085600.0,0.0,1.0,38.66,39.02,38.41,38.68,5085600.0
2011-06-20,38.67,39.56,38.52,39.49,2782600.0,0.0,1.0,38.67,39.56,38.52,39.49,2782600.0
2011-06-21,39.69,40.29,39.6,40.15,4082000.0,0.0,1.0,39.69,40.29,39.6,40.15,4082000.0
2011-06-22,40.35,40.52,39.95,39.98,3072600.0,0.0,1.0,40.35,40.52,39.95,39.98,3072600.0
2011-06-23,39.43,40.08,39.31,39.89,4308800.0,0.0,1.0,39.43,40.08,39.31,39.89,4308800.0
2011-06-24,40.0,40.0,39.31,39.33,3197100.0,0.0,1.0,40.0,40.0,39.31,39.33,3197100.0
2011-06-27,39.4,39.45,39.11,39.3,3159100.0,0.0,1.0,39.4,39.45,39.11,39.3,3159100.0
2011-06-28,39.49,39.76,39.44,39.71,4648000.0,0.0,1.0,39.49,39.76,39.44,39.71,4648000.0
2011-06-29,39.73,39.8,39.44,39.7,2950500.0,0.0,1.0,39.73,39.8,39.44,39.7,2950500.0
2011-06-30,39.65,40.04,39.33,39.34,3832100.0,0.0,1.0,39.65,40.04,39.33,39.34,3832100.0
2011-07-01,39.57,40.19,39.41,40.17,2656400.0,0.0,1.0,39.57,40.19,39.41,40.17,2656400.0
2011-07-05,40.24,40.34,39.54,39.61,4084900.0,0.0,1.0,40.24,40.34,39.54,39.61,4084900.0
2011-07-06,39.73,39.73,39.01,39.02,4326300.0,0.0,1.0,39.73,39.73,39.01,39.02,4326300.0
2011-07-07,39.36,40.35,39.25,39.92,3914500.0,0.0,1.0,39.36,40.35,39.25,39.92,3914500.0
2011-07-08,39.43,39.75,39.11,39.37,2203600.0,0.0,1.0,39.43,39.75,39.11,39.37,2203600.0
2011-07-11,39.04,39.22,38.62,38.7,2256500.0,0.0,1.0,39.04,39.22,38.62,38.7,2256500.0
2011-07-12,38.78,39.05,38.6,38.61,2394800.0,0.0,1.0,38.78,39.05,38.6,38.61,2394800.0
2011-07-13,38.84,39.5,38.77,39.02,1911700.0,0.0,1.0,38.84,39.5,38.77,39.02,1911700.0
2011-07-14,39.08,39.35,38.7,38.79,2620200.0,0.0,1.0,39.08,39.35,38.7,38.79,2620200.0
2011-07-15,38.9,38.94,38.26,38.46,3056000.0,0.0,1.0,38.9,38.94,38.26,38.46,3056000.0
2011-07-18,38.39,38.39,37.36,37.95,4066800.0,0.0,1.0,38.39,38.39,37.36,37.95,4066800.0
2011-07-19,38.18,38.71,37.79,38.42,3659500.0,0.0,1.0,38.18,38.71,37.79,38.42,3659500.0
2011-07-20,38.66,38.89,38.06,38.53,2687100.0,0.0,1.0,38.66,38.89,38.06,38.53,2687100.0
2011-07-21,38.62,38.99,38.52,38.74,2480500.0,0.0,1.0,38.62,38.99,38.52,38.74,2480500.0
2011-07-22,38.71,38.77,38.42,38.53,1546600.0,0.0,1.0,38.71,38.77,38.42,38.53,1546600.0
2011-07-25,38.3,38.74,38.08,38.23,1904200.0,0.0,1.0,38.3,38.74,38.08,38.23,1904200.0
2011-07-26,38.43,38.43,37.95,38.05,1473500.0,0.0,1.0,38.43,38.43,37.95,38.05,1473500.0
2011-07-27,37.85,37.99,37.26,37.37,3536600.0,0.0,1.0,37.85,37.99,37.26,37.37,3536600.0
2011-07-28,37.41,37.75,37.1,37.13,2455100.0,0.0,1.0,37.41,37.75,37.1,37.13,2455100.0
2011-07-29,36.93,37.34,36.54,37.06,2060900.0,0.0,1.0,36.93,37.34,36.54,37.06,2060900.0
2011-08-01,37.45,37.48,36.29,36.66,2673300.0,0.0,1.0,37.45,37.48,36.29,36.66,2673300.0
2011-08-02,36.41,36.74,35.97,35.98,2858200.0,0.0,1.0,36.41,36.74,35.97,35.98,2858200.0
2011-08-03,35.97,36.18,35.35,36.0,2596800.0,0.0,1.0,35.97,36.18,35.35,36.0,2596800.0
2011-08-04,35.57,35.61,34.77,34.8,4527600.0,0.0,1.0,35.57,35.61,34.77,34.8,4527600.0
2011-08-05,35.23,35.23,33.57,33.72,9108400.0,0.0,1.0,35.23,35.23,33.57,33.72,9108400.0
2011-08-08,33.1,33.91,32.78,33.12,13233200.0,0.0,1.0,33.1,33.91,32.78,33.12,13233200.0
2011-08-09,33.24,34.81,32.78,34.77,10849900.0,0.0,1.0,33.24,34.81,32.78,34.77,10849900.0
2011-08-10,34.15,34.53,33.16,33.24,7388300.0,0.0,1.0,34.15,34.53,33.16,33.24,7388300.0
2011-08-11,33.32,34.48,33.18,34.09,3734300.0,0.0,1.0,33.32,34.48,33.18,34.09,3734300.0
2011-08-12,34.41,34.56,33.93,34.25,2576100.0,0.0,1.0,34.41,34.56,33.93,34.25,2576100.0
2011-08-15,34.38,34.66,34.08,34.49,2012000.0,0.0,1.0,34.38,34.66,34.08,34.49,2012000.0
2011-08-16,35.54,35.73,34.77,35.31,4977200.0,0.0,1.0,35.54,35.73,34.77,35.31,4977200.0
2011-08-17,35.53,35.74,34.42,34.45,4830400.0,0.0,1.0,35.53,35.74,34.42,34.45,4830400.0
2011-08-18,33.14,34.02,32.94,33.18,5066900.0,0.0,1.0,33.14,34.02,32.94,33.18,5066900.0
2011-08-19,32.97,33.44,32.68,32.83,4042400.0,0.0,1.0,32.97,33.44,32.68,32.83,4042400.0
2011-08-22,33.3,33.47,32.75,32.79,2615100.0,0.0,1.0,33.3,33.47,32.75,32.79,2615100.0
2011-08-23,32.94,33.43,32.75,33.43,3352300.0,0.0,1.0,32.94,33.43,32.75,33.43,3352300.0
2011-08-24,33.27,33.76,32.97,33.69,2784800.0,0.0,1.0,33.27,33.76,32.97,33.69,2784800.0
2011-08-25,33.83,33.83,32.96,33.14,2725800.0,0.0,1.0,33.83,33.83,32.96,33.14,2725800.0
2011-08-26,32.91,33.46,32.34,33.31,2352800.0,0.0,1.0,32.91,33.46,32.34,33.31,2352800.0
2011-08-29,33.63,34.04,33.62,33.93,1724200.0,0.0,1.0,33.63,34.04,33.62,33.93,1724200.0
2011-08-30,33.8,34.42,33.67,34.15,2097800.0,0.0,1.0,33.8,34.42,33.67,34.15,2097800.0
2011-08-31,34.31,34.7,33.98,34.24,2669800.0,0.0,1.0,34.31,34.7,33.98,34.24,2669800.0
2011-09-01,34.37,34.63,33.74,33.85,2763600.0,0.0,1.0,34.37,34.63,33.74,33.85,2763600.0
2011-09-02,33.17,33.64,32.94,33.1,3141700.0,0.0,1.0,33.17,33.64,32.94,33.1,3141700.0
2011-09-06,32.05,33.34,31.95,33.15,2506700.0,0.0,1.0,32.05,33.34,31.95,33.15,2506700.0
2011-09-07,33.38,34.27,33.32,34.1,4471900.0,0.0,1.0,33.38,34.27,33.32,34.1,4471900.0
2011-09-08,34.0,34.56,33.76,33.85,3519500.0,0.0,1.0,34.0,34.56,33.76,33.85,3519500.0
2011-09-09,33.52,33.57,32.54,32.75,4722600.0,0.0,1.0,33.52,33.57,32.54,32.75,4722600.0
2011-09-12,32.47,32.67,32.08,32.57,3983300.0,0.0,1.0,32.47,32.67,32.08,32.57,3983300.0
2011-09-13,32.75,33.01,32.41,32.71,3008200.0,0.0,1.0,32.75,33.01,32.41,32.71,3008200.0
2011-09-14,32.75,33.17,32.37,32.83,2719900.0,0.0,1.0,32.75,33.17,32.37,32.83,2719900.0
2011-09-15,33.08,33.11,32.63,33.03,1996800.0,0.0,1.0,33.08,33.11,32.63,33.03,1996800.0
2011-09-16,33.2,33.26,32.96,33.18,4030300.0,0.0,1.0,33.2,33.26,32.96,33.18,4030300.0
2011-09-19,31.74,32.61,31.67,32.45,3599000.0,0.0,1.0,31.74,32.61,31.67,32.45,3599000.0
2011-09-20,32.5,32.78,32.36,32.38,3276500.0,0.0,1.0,32.5,32.78,32.36,32.38,3276500.0
2011-09-21,32.3,32.44,31.41,31.41,3940200.0,0.0,1.0,32.3,32.44,31.41,31.41,3940200.0
2011-09-22,30.66,30.96,30.26,30.71,4704600.0,0.0,1.0,30.66,30.96,30.26,30.71,4704600.0
2011-09-23,30.63,31.0,30.44,30.87,2501300.0,0.0,1.0,30.63,31.0,30.44,30.87,2501300.0
2011-09-26,31.2,31.38,30.8,31.29,2749100.0,0.0,1.0,31.2,31.38,30.8,31.29,2749100.0
2011-09-27,31.81,31.89,31.1,31.24,3436000.0,0.0,1.0,31.81,31.89,31.1,31.24,3436000.0
2011-09-28,31.39,31.75,30.71,30.84,3076700.0,0.0,1.0,31.39,31.75,30.71,30.84,3076700.0
2011-09-29,31.34,31.62,30.63,31.07,3765300.0,0.0,1.0,31.34,31.62,30.63,31.07,3765300.0
2011-09-30,30.8,31.4,30.68,30.79,2925600.0,0.0,1.0,30.8,31.4,30.68,30.79,2925600.0
2011-10-03,30.58,30.79,29.72,29.74,4840300.0,0.0,1.0,30.58,30.79,29.72,29.74,4840300.0
2011-10-04,29.4,30.13,29.26,30.02,4403800.0,0.0,1.0,29.4,30.13,29.26,30.02,4403800.0
2011-10-05,32.23,32.41,30.78,31.18,5564300.0,0.0,1.0,32.23,32.41,30.78,31.18,5564300.0
2011-10-06,31.4,31.88,31.34,31.88,3136500.0,0.0,1.0,31.4,31.88,31.34,31.88,3136500.0
2011-10-07,32.1,32.11,31.71,31.75,2893000.0,0.0,1.0,32.1,32.11,31.71,31.75,2893000.0
2011-10-10,32.19,32.34,32.01,32.26,1598800.0,0.0,1.0,32.19,32.34,32.01,32.26,1598800.0
2011-10-11,32.04,32.31,31.93,32.25,2452700.0,0.0,1.0,32.04,32.31,31.93,32.25,2452700.0
2011-10-12,32.34,32.4,32.07,32.24,2039400.0,0.0,1.0,32.34,32.4,32.07,32.24,2039400.0
2011-10-13,32.07,32.34,31.85,32.27,1543400.0,0.0,1.0,32.07,32.34,31.85,32.27,1543400.0
2011-10-14,32.52,32.66,32.42,32.56,1677700.0,0.0,1.0,32.52,32.66,32.42,32.56,1677700.0
2011-10-17,32.49,32.49,32.01,32.13,2948800.0,0.0,1.0,32.49,32.49,32.01,32.13,2948800.0
2011-10-18,30.33,31.79,30.2,31.47,4433600.0,0.0,1.0,30.33,31.79,30.2,31.47,4433600.0
2011-10-19,31.36,31.45,30.93,31.08,2582600.0,0.0,1.0,31.36,31.45,30.93,31.08,2582600.0
2011-10-20,31.29,31.3,30.64,30.9,1934900.0,0.0,1.0,31.29,31.3,30.64,30.9,1934900.0
2011-10-21,31.12,31.44,30.98,31.25,2254100.0,0.0,1.0,31.12,31.44,30.98,31.25,2254100.0
2011-10-24,31.33,31.77,31.13,31.62,1954100.0,0.0,1.0,31.33,31.77,31.13,31.62,1954100.0
2011-10-25,31.57,31.57,30.8,30.85,4114200.0,0.0,1.0,31.57,31.57,30.8,30.85,4114200.0
2011-10-26,31.15,31.31,30.6,30.82,3287700.0,0.0,1.0,31.15,31.31,30.6,30.82,3287700.0
2011-10-27,31.53,31.85,31.15,31.66,3541400.0,0.0,1.0,31.53,31.85,31.15,31.66,3541400.0
2011-10-28,31.62,32.05,31.56,31.78,2247100.0,0.0,1.0,31.62,32.05,31.56,31.78,2247100.0
2011-10-31,31.31,31.48,31.1,31.3,2791000.0,0.0,1.0,31.31,31.48,31.1,31.3,2791000.0
2011-11-01,30.71,30.91,30.28,30.47,3579400.0,0.0,1.0,30.71,30.91,30.28,30.47,3579400.0
2011-11-02,30.85,30.91,30.41,30.55,1823300.0,0.0,1.0,30.85,30.91,30.41,30.55,1823300.0
2011-11-03,30.81,31.07,30.64,30.82,1873200.0,0.0,1.0,30.81,31.07,30.64,30.82,1873200.0
2011-11-04,30.55,30.71,30.31,30.49,1917500.0,0.0,1.0,30.55,30.71,30.31,30.49,1917500.0
2011-11-07,30.5,30.64,30.18,30.58,1308700.0,0.0,1.0,30.5,30.64,30.18,30.58,1308700.0
2011-11-08,30.66,30.89,30.35,30.85,1667200.0,0.0,1.0,30.66,30.89,30.35,30.85,1667200.0
2011-11-09,30.43,30.52,29.92,30.05,2778500.0,0.0,1.0,30.43,30.52,29.92,30.05,2778500.0
2011-11-10,30.29,30.3,29.77,30.06,2131200.0,0.0,1.0,30.29,30.3,29.77,30.06,2131200.0
2011-11-11,30.44,30.63,30.42,30.52,1849200.0,0.0,1.0,30.44,30.63,30.42,30.52,1849200.0
2011-11-14,30.4,30.54,30.18,30.28,1663600.0,0.0,1.0,30.4,30.54,30.18,30.28,1663600.0
2011-11-15,30.12,30.38,29.96,30.25,2244300.0,0.0,1.0,30.12,30.38,29.96,30.25,2244300.0
2011-11-16,30.06,30.11,29.75,29.76,3625700.0,0.0,1.0,30.06,30.11,29.75,29.76,3625700.0
2011-11-17,29.63,29.78,29.21,29.36,2858700.0,0.0,1.0,29.63,29.78,29.21,29.36,2858700.0
2011-11-18,29.51,29.55,29.18,29.28,2445600.0,0.0,1.0,29.51,29.55,29.18,29.28,2445600.0
2011-11-21,28.96,29.12,28.79,29.01,2356200.0,0.0,1.0,28.96,29.12,28.79,29.01,2356200.0
2011-11-22,28.89,29.52,28.81,29.23,3419100.0,0.0,1.0,28.89,29.52,28.81,29.23,3419100.0
2011-11-23,29.0,29.08,28.74,28.77,2143400.0,0.0,1.0,29.0,29.08,28.74,28.77,2143400.0
2011-11-25,28.74,28.86,28.56,28.63,611800.0,0.0,1.0,28.74,28.86,28.56,28.63,611800.0
2011-11-28,29.15,29.31,29.0,29.15,1967900.0,0.0,1.0,29.15,29.31,29.0,29.15,1967900.0
2011-11-29,29.2,29.3,29.0,29.02,1771400.0,0.0,1.0,29.2,29.3,29.0,29.02,1771400.0
2011-11-30,29.69,29.98,29.56,29.96,2821300.0,0.0,1.0,29.69,29.98,29.56,29.96,2821300.0
2011-12-01,29.87,30.19,29.76,29.91,1771600.0,0.0,1.0,29.87,30.19,29.76,29.91,1771600.0
2011-12-02,30.03,30.16,29.76,29.89,2240400.0,0.0,1.0,30.03,30.16,29.76,29.89,2240400.0
2011-12-05,30.18,30.27,29.72,29.87,1963500.0,0.0,1.0,30.18,30.27,29.72,29.87,1963500.0
2011-12-06,29.89,30.28,29.87,30.05,2065400.0,0.0,1.0,29.89,30.28,29.87,30.05,2065400.0
2011-12-07,29.91,30.34,29.91,30.21,1751100.0,0.0,1.0,29.91,30.34,29.91,30.21,1751100.0
2011-12-08,30.0,30.16,29.59,29.62,2149700.0,0.0,1.0,30.0,30.16,29.59,29.62,2149700.0
2011-12-09,29.63,29.93,29.62,29.66,1660000.0,0.0,1.0,29.63,29.93,29.62,29.66,1660000.0
2011-12-12,29.43,29.5,29.12,29.27,1778300.0,0.0,1.0,29.43,29.5,29.12,29.27,1778300.0
2011-12-13,29.4,29.62,28.85,28.99,1871900.0,0.0,1.0,29.4,29.62,28.85,28.99,1871900.0
2011-12-14,28.79,28.99,28.47,28.55,1953600.0,0.0,1.0,28.79,28.99,28.47,28.55,1953600.0
2011-12-15,28.81,28.92,28.68,28.83,1658100.0,0.0,1.0,28.81,28.92,28.68,28.83,1658100.0
2011-12-16,29.0,29.19,28.83,29.03,4095500.0,0.0,1.0,29.0,29.19,28.83,29.03,4095500.0
2011-12-19,29.03,29.37,28.69,28.78,1467100.0,0.0,1.0,29.03,29.37,28.69,28.78,1467100.0
2011-12-20,29.07,29.58,29.02,29.49,2419400.0,0.0,1.0,29.07,29.58,29.02,29.49,2419400.0
2011-12-21,29.52,29.81,29.43,29.75,1720500.0,0.0,1.0,29.52,29.81,29.43,29.75,1720500.0
2011-12-22,29.81,30.24,29.73,30.12,1746100.0,0.0,1.0,29.81,30.24,29.73,30.12,1746100.0
2011-12-23,30.15,30.45,30.09,30.45,1019400.0,0.0,1.0,30.15,30.45,30.09,30.45,1019400.0
2011-12-27,30.29,30.69,30.29,30.44,882900.0,0.0,1.0,30.29,30.69,30.29,30.44,882900.0
2011-12-28,30.47,30.49,30.01,30.13,1557800.0,0.0,1.0,30.47,30.49,30.01,30.13,1557800.0
2011-12-29,30.24,30.32,30.09,30.28,1387600.0,0.0,1.0,30.24,30.32,30.09,30.28,1387600.0
2011-12-30,30.2,30.74,30.2,30.26,1591900.0,0.0,1.0,30.2,30.74,30.2,30.26,1591900.0
2012-01-03,30.63,30.79,30.57,30.65,2276000.0,0.0,1.0,30.63,30.79,30.57,30.65,2276000.0
2012-01-04,30.62,30.7,30.24,30.43,2733600.0,0.0,1.0,30.62,30.7,30.24,30.43,2733600.0
2012-01-05,30.25,30.58,30.09,30.53,1998900.0,0.0,1.0,30.25,30.58,30.09,30.53,1998900.0
2012-01-06,30.47,30.84,30.28,30.6,2070900.0,0.0,1.0,30.47,30.84,30.28,30.6,2070900.0
2012-01-09,30.56,30.89,30.48,30.81,1746000.0,0.0,1.0,30.56,30.89,30.48,30.81,1746000.0
2012-01-10,31.0,31.19,30.89,31.06,1796200.0,0.0,1.0,31.0,31.19,30.89,31.06,1796200.0
2012-01-11,30.93,31.34,30.93,31.17,1738400.0,0.0,1.0,30.93,31.34,30.93,31.17,1738400.0
2012-01-12,31.27,31.48,31.2,31.34,1326200.0,0.0,1.0,31.27,31.48,31.2,31.34,1326200.0
2012-01-13,31.15,31.26,30.9,30.9,1665700.0,0.0,1.0,31.15,31.26,30.9,30.9,1665700.0
2012-01-17,31.82,32.27,31.37,32.08,4768600.0,0.0,1.0,31.82,32.27,31.37,32.08,4768600.0
2012-01-18,32.06,32.32,31.87,32.2,2227000.0,0.0,1.0,32.06,32.32,31.87,32.2,2227000.0
2012-01-19,32.18,32.37,32.09,32.23,1745900.0,0.0,1.0,32.18,32.37,32.09,32.23,1745900.0
2012-01-20,32.27,32.3,31.98,32.17,1555100.0,0.0,1.0,32.27,32.3,31.98,32.17,1555100.0
2012-01-23,32.17,32.25,31.91,32.14,1615900.0,0.0,1.0,32.17,32.25,31.91,32.14,1615900.0
2012-01-24,32.02,32.33,31.98,32.11,1509700.0,0.0,1.0,32.02,32.33,31.98,32.11,1509700.0
2012-01-25,32.01,32.04,31.67,31.8,2459500.0,0.0,1.0,32.01,32.04,31.67,31.8,2459500.0
2012-01-26,31.96,31.96,31.48,31.65,2079700.0,0.0,1.0,31.96,31.96,31.48,31.65,2079700.0
2012-01-27,31.61,31.89,31.43,31.78,1537800.0,0.0,1.0,31.61,31.89,31.43,31.78,1537800.0
2012-01-30,31.66,31.66,31.36,31.64,1390800.0,0.0,1.0,31.66,31.66,31.36,31.64,1390800.0
2012-01-31,31.79,31.88,31.34,31.78,2274200.0,0.0,1.0,31.79,31.88,31.34,31.78,2274200.0
2012-02-01,32.0,32.08,31.69,31.78,2593300.0,0.0,1.0,32.0,32.08,31.69,31.78,2593300.0
2012-02-02,31.84,31.84,31.49,31.62,1322200.0,0.0,1.0,31.84,31.84,31.49,31.62,1322200.0
2012-02-03,31.86,31.98,31.76,31.85,1465300.0,0.0,1.0,31.86,31.98,31.76,31.85,1465300.0
2012-02-06,31.76,31.94,31.63,31.94,1420700.0,0.0,1.0,31.76,31.94,31.63,31.94,1420700.0
2012-02-07,31.87,31.93,31.67,31.82,1215600.0,0.0,1.0,31.87,31.93,31.67,31.82,1215600.0
2012-02-08,31.88,31.88,31.53,31.66,1998800.0,0.0,1.0,31.88,31.88,31.53,31.66,1998800.0
2012-02-09,31.91,31.92,31.35,31.53,1400500.0,0.0,1.0,31.91,31.92,31.35,31.53,1400500.0
2012-02-10,31.37,31.56,31.16,31.54,1326900.0,0.0,1.0,31.37,31.56,31.16,31.54,1326900.0
2012-02-13,31.67,31.75,31.37,31.54,1024000.0,0.0,1.0,31.67,31.75,31.37,31.54,1024000.0
2012-02-14,31.48,31.69,31.4,31.63,1000700.0,0.0,1.0,31.48,31.69,31.4,31.63,1000700.0
2012-02-15,31.66,31.71,31.3,31.4,1691500.0,0.0,1.0,31.66,31.71,31.3,31.4,1691500.0
2012-02-16,31.72,31.89,31.41,31.89,1809600.0,0.0,1.0,31.72,31.89,31.41,31.89,1809600.0
2012-02-17,32.02,32.25,31.91,32.03,1419000.0,0.0,1.0,32.02,32.25,31.91,32.03,1419000.0
2012-02-21,32.07,32.24,31.84,32.0,1779200.0,0.0,1.0,32.07,32.24,31.84,32.0,1779200.0
2012-02-22,31.48,32.01,31.48,31.84,1381200.0,0.0,1.0,31.48,32.01,31.48,31.84,1381200.0
2012-02-23,31.76,32.29,31.74,32.21,1918200.0,0.0,1.0,31.76,32.29,31.74,32.21,1918200.0
2012-02-24,32.39,32.59,32.19,32.29,1106600.0,0.0,1.0,32.39,32.59,32.19,32.29,1106600.0
2012-02-27,32.07,32.49,31.94,32.34,1234300.0,0.0,1.0,32.07,32.49,31.94,32.34,1234300.0
2012-02-28,32.56,32.78,32.4,32.7,1288400.0,0.0,1.0,32.56,32.78,32.4,32.7,1288400.0
2012-02-29,32.73,32.82,32.36,32.52,1613600.0,0.0,1.0,32.73,32.82,32.36,32.52,1613600.0
2012-03-01,32.52,32.88,32.52,32.67,1451000.0,0.0,1.0,32.52,32.88,32.52,32.67,1451000.0
2012-03-02,32.7,32.7,32.34,32.47,1142000.0,0.0,1.0,32.7,32.7,32.34,32.47,1142000.0
2012-03-05,32.43,32.67,32.34,32.58,1314400.0,0.0,1.0,32.43,32.67,32.34,32.58,1314400.0
2012-03-06,32.38,32.42,32.03,32.25,1602900.0,0.0,1.0,32.38,32.42,32.03,32.25,1602900.0
2012-03-07,32.37,32.64,32.29,32.64,1774900.0,0.0,1.0,32.37,32.64,32.29,32.64,1774900.0
2012-03-08,32.89,33.05,32.81,32.86,1697200.0,0.0,1.0,32.89,33.05,32.81,32.86,1697200.0
2012-03-09,32.92,33.52,32.83,33.45,2171000.0,0.0,1.0,32.92,33.52,32.83,33.45,2171000.0
2012-03-12,33.5,33.55,33.01,33.24,1257000.0,0.0,1.0,33.5,33.55,33.01,33.24,1257000.0
2012-03-13,33.35,33.78,33.32,33.7,1371600.0,0.0,1.0,33.35,33.78,33.32,33.7,1371600.0
2012-03-14,33.65,33.98,33.55,33.69,1969100.0,0.0,1.0,33.65,33.98,33.55,33.69,1969100.0
2012-03-15,33.68,33.91,33.55,33.81,1279200.0,0.0,1.0,33.68,33.91,33.55,33.81,1279200.0
2012-03-16,33.84,33.95,33.39,33.55,2719500.0,0.0,1.0,33.84,33.95,33.39,33.55,2719500.0
2012-03-19,33.44,33.71,33.42,33.58,927600.0,0.0,1.0,33.44,33.71,33.42,33.58,927600.0
2012-03-20,33.39,33.61,33.38,33.44,1314000.0,0.0,1.0,33.39,33.61,33.38,33.44,1314000.0
2012-03-21,33.39,33.66,33.29,33.34,2442400.0,0.0,1.0,33.39,33.66,33.29,33.34,2442400.0
2012-03-22,33.14,34.03,33.09,33.96,2829600.0,0.0,1.0,33.14,34.03,33.09,33.96,2829600.0
2012-03-23,34.02,34.27,33.89,34.16,1928500.0,0.0,1.0,34.02,34.27,33.89,34.16,1928500.0
2012-03-26,34.44,34.86,34.33,34.79,2241400.0,0.0,1.0,34.44,34.86,34.33,34.79,2241400.0
2012-03-27,34.86,35.06,34.61,34.73,2126900.0,0.0,1.0,34.86,35.06,34.61,34.73,2126900.0
2012-03-28,34.8,34.8,34.5,34.62,1893200.0,0.0,1.0,34.8,34.8,34.5,34.62,1893200.0
2012-03-29,34.37,34.7,34.34,34.63,1398200.0,0.0,1.0,34.37,34.7,34.34,34.63,1398200.0
2012-03-30,34.73,34.95,34.57,34.69,1679600.0,0.0,1.0,34.73,34.95,34.57,34.69,1679600.0
2012-04-02,34.32,34.71,34.24,34.59,2673700.0,0.0,1.0,34.32,34.71,34.24,34.59,2673700.0
2012-04-03,34.69,34.81,34.53,34.75,2361400.0,0.0,1.0,34.69,34.81,34.53,34.75,2361400.0
2012-04-04,34.56,34.69,34.47,34.64,1937300.0,0.0,1.0,34.56,34.69,34.47,34.64,1937300.0
2012-04-05,34.55,34.66,34.43,34.61,1932300.0,0.0,1.0,34.55,34.66,34.43,34.61,1932300.0
2012-04-09,34.06,34.3,33.92,33.94,2336400.0,0.0,1.0,34.06,34.3,33.92,33.94,2336400.0
2012-04-10,33.93,34.08,33.31,33.33,2364000.0,0.0,1.0,33.93,34.08,33.31,33.33,2364000.0
2012-04-11,33.54,33.66,33.4,33.54,2148400.0,0.0,1.0,33.54,33.66,33.4,33.54,2148400.0
2012-04-12,33.64,33.8,33.49,33.73,1798300.0,0.0,1.0,33.64,33.8,33.49,33.73,1798300.0
2012-04-13,33.74,34.0,33.33,33.45,2140600.0,0.0,1.0,33.74,34.0,33.33,33.45,2140600.0
2012-04-16,33.52,33.9,33.36,33.64,2770000.0,0.0,1.0,33.52,33.9,33.36,33.64,2770000.0
2012-04-17,34.0,35.28,33.77,34.97,5008700.0,0.0,1.0,34.0,35.28,33.77,34.97,5008700.0
2012-04-18,34.66,34.87,34.15,34.31,2431800.0,0.0,1.0,34.66,34.87,34.15,34.31,2431800.0
2012-04-19,34.46,34.51,33.81,33.86,2753500.0,0.0,1.0,34.46,34.51,33.81,33.86,2753500.0
2012-04-20,33.91,34.07,33.72,33.87,1859400.0,0.0,1.0,33.91,34.07,33.72,33.87,1859400.0
2012-04-23,33.67,33.7,33.34,33.45,2268500.0,0.0,1.0,33.67,33.7,33.34,33.45,2268500.0
2012-04-24,33.39,33.6,33.21,33.54,1920600.0,0.0,1.0,33.39,33.6,33.21,33.54,1920600.0
2012-04-25,33.71,34.18,33.67,34.05,2095000.0,0.0,1.0,33.71,34.18,33.67,34.05,2095000.0
2012-04-26,33.95,34.67,33.89,34.65,2523000.0,0.0,1.0,33.95,34.67,33.89,34.65,2523000.0
2012-04-27,34.73,35.12,34.73,34.92,1843300.0,0.0,1.0,34.73,35.12,34.73,34.92,1843300.0
2012-04-30,34.93,35.01,34.67,34.83,1268000.0,0.0,1.0,34.93,35.01,34.67,34.83,1268000.0
2012-05-01,34.86,35.09,34.6,34.64,1734400.0,0.0,1.0,34.86,35.09,34.6,34.64,1734400.0
2012-05-02,34.5,34.67,34.22,34.48,1640600.0,0.0,1.0,34.5,34.67,34.22,34.48,1640600.0
2012-05-03,34.5,34.57,34.14,34.26,1324100.0,0.0,1.0,34.5,34.57,34.14,34.26,1324100.0
2012-05-04,34.1,34.25,33.89,33.93,1080000.0,0.0,1.0,34.1,34.25,33.89,33.93,1080000.0
2012-05-07,33.91,34.26,33.81,34.13,1395600.0,0.0,1.0,33.91,34.26,33.81,34.13,1395600.0
2012-05-08,33.95,34.11,33.65,34.07,1619400.0,0.0,1.0,33.95,34.11,33.65,34.07,1619400.0
2012-05-09,33.79,34.19,33.46,33.95,2250900.0,0.0,1.0,33.79,34.19,33.46,33.95,2250900.0
2012-05-10,34.15,34.33,33.95,33.99,1282700.0,0.0,1.0,34.15,34.33,33.95,33.99,1282700.0
2012-05-11,33.92,34.98,33.87,34.24,1543900.0,0.0,1.0,33.92,34.98,33.87,34.24,1543900.0
2012-05-14,33.92,34.18,33.71,34.03,1405000.0,0.0,1.0,33.92,34.18,33.71,34.03,1405000.0
2012-05-15,33.8,34.0,33.42,33.59,1718800.0,0.0,1.0,33.8,34.0,33.42,33.59,1718800.0
2012-05-16,33.62,33.89,33.46,33.87,1952300.0,0.0,1.0,33.62,33.89,33.46,33.87,1952300.0
2012-05-17,33.95,34.28,33.61,33.61,2104900.0,0.0,1.0,33.95,34.28,33.61,33.61,2104900.0
2012-05-18,33.76,33.91,33.17,33.2,2217500.0,0.0,1.0,33.76,33.91,33.17,33.2,2217500.0
2012-05-21,33.21,33.69,33.1,33.69,1341300.0,0.0,1.0,33.21,33.69,33.1,33.69,1341300.0
2012-05-22,33.75,33.96,33.47,33.62,1116300.0,0.0,1.0,33.75,33.96,33.47,33.62,1116300.0
2012-05-23,33.44,33.5,32.71,32.93,2682600.0,0.0,1.0,33.44,33.5,32.71,32.93,2682600.0
2012-05-24,33.03,33.48,33.0,33.33,1040600.0,0.0,1.0,33.03,33.48,33.0,33.33,1040600.0
2012-05-25,33.28,33.6,33.25,33.38,968300.0,0.0,1.0,33.28,33.6,33.25,33.38,968300.0
2012-05-29,33.62,33.9,33.48,33.61,1746300.0,0.0,1.0,33.62,33.9,33.48,33.61,1746300.0
2012-05-30,33.54,33.84,33.26,33.66,3186300.0,0.0,1.0,33.54,33.84,33.26,33.66,3186300.0
2012-05-31,34.04,35.17,33.91,35.0,5022600.0,0.0,1.0,34.04,35.17,33.91,35.0,5022600.0
2012-06-01,34.6,34.77,34.21,34.29,2327900.0,0.0,1.0,34.6,34.77,34.21,34.29,2327900.0
2012-06-04,34.33,34.5,34.16,34.49,1975600.0,0.0,1.0,34.33,34.5,34.16,34.49,1975600.0
2012-06-05,34.3,34.84,34.14,34.67,1599000.0,0.0,1.0,34.3,34.84,34.14,34.67,1599000.0
2012-06-06,34.93,35.33,34.75,35.29,1630900.0,0.0,1.0,34.93,35.33,34.75,35.29,1630900.0
2012-06-07,35.47,35.59,35.01,35.03,1261400.0,0.0,1.0,35.47,35.59,35.01,35.03,1261400.0
2012-06-08,34.99,35.75,34.83,35.69,2488200.0,0.0,1.0,34.99,35.75,34.83,35.69,2488200.0
2012-06-11,34.89,35.69,34.32,34.43,4191200.0,0.0,1.0,34.89,35.69,34.32,34.43,4191200.0
2012-06-12,34.38,34.68,34.16,34.54,1928400.0,0.0,1.0,34.38,34.68,34.16,34.54,1928400.0
2012-06-13,34.59,34.95,34.41,34.56,1785500.0,0.0,1.0,34.59,34.95,34.41,34.56,1785500.0
2012-06-14,34.61,35.04,34.52,34.89,1455000.0,0.0,1.0,34.61,35.04,34.52,34.89,1455000.0
2012-06-15,34.96,35.0,34.06,34.45,2882700.0,0.0,1.0,34.96,35.0,34.06,34.45,2882700.0
2012-06-18,34.42,34.79,34.28,34.71,1192900.0,0.0,1.0,34.42,34.79,34.28,34.71,1192900.0
2012-06-19,34.74,35.0,34.4,34.67,1660700.0,0.0,1.0,34.74,35.0,34.4,34.67,1660700.0
2012-06-20,34.7,34.7,34.37,34.57,1502800.0,0.0,1.0,34.7,34.7,34.37,34.57,1502800.0
2012-06-21,34.5,34.66,33.82,33.84,2028200.0,0.0,1.0,34.5,34.66,33.82,33.84,2028200.0
2012-06-22,34.26,34.37,33.96,34.09,1587500.0,0.0,1.0,34.26,34.37,33.96,34.09,1587500.0
2012-06-25,33.84,33.84,33.37,33.41,1368900.0,0.0,1.0,33.84,33.84,33.37,33.41,1368900.0
2012-06-26,33.41,33.57,33.22,33.22,1380400.0,0.0,1.0,33.41,33.57,33.22,33.22,1380400.0
2012-06-27,33.04,34.11,33.04,34.05,1325400.0,0.0,1.0,33.04,34.11,33.04,34.05,1325400.0
2012-06-28,33.73,34.14,33.54,34.12,1450800.0,0.0,1.0,33.73,34.14,33.54,34.12,1450800.0
2012-06-29,34.93,35.03,34.52,34.99,1818900.0,0.0,1.0,34.93,35.03,34.52,34.99,1818900.0
2012-07-02,34.73,35.97,34.73,35.79,2840600.0,0.0,1.0,34.73,35.97,34.73,35.79,2840600.0
2012-07-03,35.68,36.44,35.12,36.13,1298000.0,0.0,1.0,35.68,36.44,35.12,36.13,1298000.0
2012-07-05,36.09,36.13,35.21,35.57,2659500.0,0.0,1.0,36.09,36.13,35.21,35.57,2659500.0
2012-07-06,35.29,35.74,35.29,35.48,1302400.0,0.0,1.0,35.29,35.74,35.29,35.48,1302400.0
2012-07-09,35.5,35.96,35.38,35.93,1290900.0,0.0,1.0,35.5,35.96,35.38,35.93,1290900.0
2012-07-10,36.01,36.13,35.58,35.71,1256500.0,0.0,1.0,36.01,36.13,35.58,35.71,1256500.0
2012-07-11,35.65,35.69,35.16,35.31,1596100.0,0.0,1.0,35.65,35.69,35.16,35.31,1596100.0
2012-07-12,35.09,35.49,34.86,35.32,1934100.0,0.0,1.0,35.09,35.49,34.86,35.32,1934100.0
2012-07-13,35.33,35.67,35.2,35.36,1574900.0,0.0,1.0,35.33,35.67,35.2,35.36,1574900.0
2012-07-16,35.46,35.48,35.11,35.18,1633900.0,0.0,1.0,35.46,35.48,35.11,35.18,1633900.0
2012-07-17,35.4,36.01,34.98,35.82,2032400.0,0.0,1.0,35.4,36.01,34.98,35.82,2032400.0
2012-07-18,35.65,36.14,35.16,35.77,1413600.0,0.0,1.0,35.65,36.14,35.16,35.77,1413600.0
2012-07-19,35.78,35.89,35.38,35.41,924300.0,0.0,1.0,35.78,35.89,35.38,35.41,924300.0
2012-07-20,35.37,35.4,34.83,34.9,1308600.0,0.0,1.0,35.37,35.4,34.83,34.9,1308600.0
2012-07-23,34.55,34.7,34.1,34.28,2035300.0,0.0,1.0,34.55,34.7,34.1,34.28,2035300.0
2012-07-24,34.45,34.49,33.31,33.71,2049300.0,0.0,1.0,34.45,34.49,33.31,33.71,2049300.0
2012-07-25,33.7,34.17,33.37,33.43,1141700.0,0.0,1.0,33.7,34.17,33.37,33.43,1141700.0
2012-07-26,34.02,34.11,33.38,33.51,1668400.0,0.0,1.0,34.02,34.11,33.38,33.51,1668400.0
2012-07-27,33.75,34.18,33.68,34.04,2177400.0,0.0,1.0,33.75,34.18,33.68,34.04,2177400.0
2012-07-30,33.98,34.07,33.77,33.83,1281300.0,0.0,1.0,33.98,34.07,33.77,33.83,1281300.0
2012-07-31,33.77,33.87,33.44,33.55,1204600.0,0.0,1.0,33.77,33.87,33.44,33.55,1204600.0
2012-08-01,33.75,33.75,31.28,32.97,6659500.0,0.0,1.0,33.75,33.75,31.28,32.97,6659500.0
2012-08-02,32.58,32.88,32.32,32.64,2279700.0,0.0,1.0,32.58,32.88,32.32,32.64,2279700.0
2012-08-03,33.12,33.55,32.6,33.54,3081300.0,0.0,1.0,33.12,33.55,32.6,33.54,3081300.0
2012-08-06,33.5,33.75,33.37,33.59,1530800.0,0.0,1.0,33.5,33.75,33.37,33.59,1530800.0
2012-08-07,33.61,33.9,33.4,33.63,1557300.0,0.0,1.0,33.61,33.9,33.4,33.63,1557300.0
2012-08-08,33.72,33.72,33.24,33.4,1638300.0,0.0,1.0,33.72,33.72,33.24,33.4,1638300.0
2012-08-09,32.91,33.58,32.88,33.47,1860600.0,0.0,1.0,32.91,33.58,32.88,33.47,1860600.0
2012-08-10,33.3,33.78,33.22,33.76,1316700.0,0.0,1.0,33.3,33.78,33.22,33.76,1316700.0
2012-08-13,33.6,34.08,33.54,33.95,1875300.0,0.0,1.0,33.6,34.08,33.54,33.95,1875300.0
2012-08-14,33.95,34.15,33.88,33.98,1342300.0,0.0,1.0,33.95,34.15,33.88,33.98,1342300.0
2012-08-15,33.97,34.52,33.82,33.88,2002000.0,0.0,1.0,33.97,34.52,33.82,33.88,2002000.0
2012-08-16,33.68,34.0,33.57,33.96,2109600.0,0.0,1.0,33.68,34.0,33.57,33.96,2109600.0
2012-08-17,33.94,34.24,33.9,34.21,3158000.0,0.0,1.0,33.94,34.24,33.9,34.21,3158000.0
2012-08-20,34.24,34.31,33.96,34.25,1386400.0,0.0,1.0,34.24,34.31,33.96,34.25,1386400.0
2012-08-21,34.33,34.51,34.15,34.42,1909600.0,0.0,1.0,34.33,34.51,34.15,34.42,1909600.0
2012-08-22,34.31,34.76,34.29,34.53,2335300.0,0.0,1.0,34.31,34.76,34.29,34.53,2335300.0
2012-08-23,34.56,34.68,34.4,34.62,1993400.0,0.0,1.0,34.56,34.68,34.4,34.62,1993400.0
2012-08-24,34.62,34.85,34.56,34.68,1792400.0,0.0,1.0,34.62,34.85,34.56,34.68,1792400.0
2012-08-27,34.68,34.77,34.59,34.69,1487700.0,0.0,1.0,34.68,34.77,34.59,34.69,1487700.0
2012-08-28,34.72,34.9,34.58,34.74,1126100.0,0.0,1.0,34.72,34.9,34.58,34.74,1126100.0
2012-08-29,34.79,34.93,34.63,34.66,1580000.0,0.0,1.0,34.79,34.93,34.63,34.66,1580000.0
2012-08-30,34.66,35.45,34.55,35.04,3416900.0,0.0,1.0,34.66,35.45,34.55,35.04,3416900.0
2012-08-31,35.28,35.41,34.64,34.69,1644200.0,0.0,1.0,35.28,35.41,34.64,34.69,1644200.0
2012-09-04,34.6,35.16,34.6,35.06,2260600.0,0.0,1.0,34.6,35.16,34.6,35.06,2260600.0
2012-09-05,35.11,35.11,34.63,34.92,2059500.0,0.0,1.0,35.11,35.11,34.63,34.92,2059500.0
2012-09-06,35.07,35.71,35.02,35.67,1988700.0,0.0,1.0,35.07,35.71,35.02,35.67,1988700.0
2012-09-07,35.6,35.8,35.26,35.37,1575200.0,0.0,1.0,35.6,35.8,35.26,35.37,1575200.0
2012-09-10,35.59,35.59,34.81,34.82,2201000.0,0.0,1.0,35.59,35.59,34.81,34.82,2201000.0
2012-09-11,34.89,34.92,34.62,34.67,2139100.0,0.0,1.0,34.89,34.92,34.62,34.67,2139100.0
2012-09-12,34.82,34.97,34.5,34.65,1372200.0,0.0,1.0,34.82,34.97,34.5,34.65,1372200.0
2012-09-13,34.55,35.42,34.47,35.16,3950700.0,0.0,1.0,34.55,35.42,34.47,35.16,3950700.0
2012-09-14,35.12,35.2,34.74,34.87,1686600.0,0.0,1.0,35.12,35.2,34.74,34.87,1686600.0
2012-09-17,34.95,35.32,34.86,35.26,1480700.0,0.0,1.0,34.95,35.32,34.86,35.26,1480700.0
2012-09-18,35.29,35.57,35.21,35.36,1499200.0,0.0,1.0,35.29,35.57,35.21,35.36,1499200.0
2012-09-19,35.4,35.42,34.88,34.9,1526100.0,0.0,1.0,35.4,35.42,34.88,34.9,1526100.0
2012-09-20,34.84,35.51,34.83,35.35,1795300.0,0.0,1.0,34.84,35.51,34.83,35.35,1795300.0
2012-09-21,35.75,35.89,35.5,35.69,5318100.0,0.0,1.0,35.75,35.89,35.5,35.69,5318100.0
2012-09-24,35.56,36.68,35.32,36.49,3054300.0,0.0,1.0,35.56,36.68,35.32,36.49,3054300.0
2012-09-25,36.74,37.31,36.1,36.1,2544800.0,0.0,1.0,36.74,37.31,36.1,36.1,2544800.0
2012-09-26,36.07,36.45,35.91,35.91,2140700.0,0.0,1.0,36.07,36.45,35.91,35.91,2140700.0
2012-09-27,36.07,36.22,35.54,35.55,3094600.0,0.0,1.0,36.07,36.22,35.54,35.55,3094600.0
2012-09-28,35.62,35.69,34.93,35.61,3572500.0,0.0,1.0,35.62,35.69,34.93,35.61,3572500.0
2012-10-01,35.78,36.17,35.78,36.0,2111500.0,0.0,1.0,35.78,36.17,35.78,36.0,2111500.0
2012-10-02,36.01,36.17,35.68,36.05,1980600.0,0.0,1.0,36.01,36.17,35.68,36.05,1980600.0
2012-10-03,36.05,36.98,35.89,36.61,3984800.0,0.0,1.0,36.05,36.98,35.89,36.61,3984800.0
2012-10-04,36.91,37.62,36.85,37.4,3525700.0,0.0,1.0,36.91,37.62,36.85,37.4,3525700.0
2012-10-05,37.49,37.7,37.26,37.42,2083700.0,0.0,1.0,37.49,37.7,37.26,37.42,2083700.0
2012-10-08,37.32,37.39,36.98,37.37,912800.0,0.0,1.0,37.32,37.39,36.98,37.37,912800.0
2012-10-09,37.28,37.3,36.58,36.6,1778300.0,0.0,1.0,37.28,37.3,36.58,36.6,1778300.0
2012-10-10,36.54,36.84,36.35,36.4,1481000.0,0.0,1.0,36.54,36.84,36.35,36.4,1481000.0
2012-10-11,36.73,36.73,36.43,36.52,1090500.0,0.0,1.0,36.73,36.73,36.43,36.52,1090500.0
2012-10-12,36.65,36.71,36.21,36.28,848400.0,0.0,1.0,36.65,36.71,36.21,36.28,848400.0
2012-10-15,36.4,36.65,36.23,36.6,1780500.0,0.0,1.0,36.4,36.65,36.23,36.6,1780500.0
2012-10-16,35.93,36.2,34.61,35.43,4684500.0,0.0,1.0,35.93,36.2,34.61,35.43,4684500.0
2012-10-17,37.34,37.34,35.15,35.3,2274200.0,0.0,1.0,37.34,37.34,35.15,35.3,2274200.0
2012-10-18,35.14,35.57,35.03,35.32,1594900.0,0.0,1.0,35.14,35.57,35.03,35.32,1594900.0
2012-10-19,35.21,35.54,34.9,34.9,1964100.0,0.0,1.0,35.21,35.54,34.9,34.9,1964100.0
2012-10-22,34.84,35.07,34.45,34.62,1073100.0,0.0,1.0,34.84,35.07,34.45,34.62,1073100.0
2012-10-23,34.58,34.69,34.02,34.32,1439500.0,0.0,1.0,34.58,34.69,34.02,34.32,1439500.0
2012-10-24,34.5,34.69,34.05,34.21,1176600.0,0.0,1.0,34.5,34.69,34.05,34.21,1176600.0
2012-10-25,34.38,34.75,34.38,34.62,1370900.0,0.0,1.0,34.38,34.75,34.38,34.62,1370900.0
2012-10-26,34.66,34.74,34.09,34.17,1362100.0,0.0,1.0,34.66,34.74,34.09,34.17,1362100.0
2012-10-31,34.84,34.84,33.62,33.71,1523200.0,0.0,1.0,34.84,34.84,33.62,33.71,1523200.0
2012-11-01,33.85,34.47,33.76,34.35,1767600.0,0.0,1.0,33.85,34.47,33.76,34.35,1767600.0
2012-11-02,34.55,34.57,34.13,34.14,1386900.0,0.0,1.0,34.55,34.57,34.13,34.14,1386900.0
2012-11-05,33.89,34.13,33.76,34.02,1375100.0,0.0,1.0,33.89,34.13,33.76,34.02,1375100.0
2012-11-06,33.92,34.25,33.89,34.03,1103200.0,0.0,1.0,33.92,34.25,33.89,34.03,1103200.0
2012-11-07,33.86,33.94,33.19,33.34,1672300.0,0.0,1.0,33.86,33.94,33.19,33.34,1672300.0
2012-11-08,33.35,33.46,32.96,32.96,1519800.0,0.0,1.0,33.35,33.46,32.96,32.96,1519800.0
2012-11-09,32.91,33.45,32.81,33.15,1091200.0,0.0,1.0,32.91,33.45,32.81,33.15,1091200.0
2012-11-12,33.17,33.32,32.59,32.6,1856800.0,0.0,1.0,33.17,33.32,32.59,32.6,1856800.0
2012-11-13,32.45,32.83,32.4,32.42,1418300.0,0.0,1.0,32.45,32.83,32.4,32.42,1418300.0
2012-11-14,32.41,32.5,31.83,32.07,2155100.0,0.0,1.0,32.41,32.5,31.83,32.07,2155100.0
2012-11-15,32.04,32.3,31.71,32.23,2631800.0,0.0,1.0,32.04,32.3,31.71,32.23,2631800.0
2012-11-16,32.22,32.43,32.01,32.32,1601800.0,0.0,1.0,32.22,32.43,32.01,32.32,1601800.0
2012-11-19,32.57,32.69,32.25,32.46,1134000.0,0.0,1.0,32.57,32.69,32.25,32.46,1134000.0
2012-11-20,32.44,32.82,32.24,32.81,1316100.0,0.0,1.0,32.44,32.82,32.24,32.81,1316100.0
2012-11-21,32.78,32.92,32.61,32.89,979700.0,0.0,1.0,32.78,32.92,32.61,32.89,979700.0
2012-11-23,32.94,33.32,32.89,33.32,480700.0,0.0,1.0,32.94,33.32,32.89,33.32,480700.0
2012-11-26,32.84,33.49,32.84,33.49,1232200.0,0.0,1.0,32.84,33.49,32.84,33.49,1232200.0
2012-11-27,33.38,33.74,33.15,33.52,2306900.0,0.0,1.0,33.38,33.74,33.15,33.52,2306900.0
2012-11-28,33.37,33.8,33.13,33.79,1833800.0,0.0,1.0,33.37,33.8,33.13,33.79,1833800.0
2012-11-29,33.96,34.62,33.89,34.58,2199900.0,0.0,1.0,33.96,34.62,33.89,34.58,2199900.0
2012-11-30,34.85,35.46,34.68,35.46,9376900.0,0.0,1.0,34.85,35.46,34.68,35.46,9376900.0
2012-12-03,35.58,36.0,35.26,35.35,3189300.0,0.0,1.0,35.58,36.0,35.26,35.35,3189300.0
2012-12-04,35.16,35.54,35.02,35.44,2054500.0,0.0,1.0,35.16,35.54,35.02,35.44,2054500.0
2012-12-05,35.49,36.25,35.45,36.12,1968000.0,0.0,1.0,35.49,36.25,35.45,36.12,1968000.0
2012-12-06,36.09,36.09,35.56,35.74,1511400.0,0.0,1.0,36.09,36.09,35.56,35.74,1511400.0
2012-12-07,35.78,35.97,35.61,35.72,1328800.0,0.0,1.0,35.78,35.97,35.61,35.72,1328800.0
2012-12-10,35.9,36.75,35.9,36.69,2486900.0,0.0,1.0,35.9,36.75,35.9,36.69,2486900.0
2012-12-11,36.74,37.06,36.66,36.82,2172600.0,0.0,1.0,36.74,37.06,36.66,36.82,2172600.0
2012-12-12,36.85,36.94,36.24,36.31,1734800.0,0.0,1.0,36.85,36.94,36.24,36.31,1734800.0
2012-12-13,36.21,36.52,35.84,35.9,1022600.0,0.0,1.0,36.21,36.52,35.84,35.9,1022600.0
2012-12-14,35.78,35.99,35.29,35.7,1107700.0,0.0,1.0,35.78,35.99,35.29,35.7,1107700.0
2012-12-17,35.73,36.12,35.73,35.85,1050300.0,0.0,1.0,35.73,36.12,35.73,35.85,1050300.0
2012-12-18,35.85,36.11,35.65,36.0,1029000.0,0.0,1.0,35.85,36.11,35.65,36.0,1029000.0
2012-12-19,35.93,36.0,35.54,35.54,1020400.0,0.0,1.0,35.93,36.0,35.54,35.54,1020400.0
2012-12-20,35.75,35.85,35.49,35.63,1702900.0,0.0,1.0,35.75,35.85,35.49,35.63,1702900.0
2012-12-21,35.44,35.62,35.09,35.19,2251400.0,0.0,1.0,35.44,35.62,35.09,35.19,2251400.0
2012-12-24,35.08,35.48,34.93,35.2,459400.0,0.0,1.0,35.08,35.48,34.93,35.2,459400.0
2012-12-26,35.24,35.36,34.9,35.14,609900.0,0.0,1.0,35.24,35.36,34.9,35.14,609900.0
2012-12-27,35.08,35.24,34.51,34.82,1591200.0,0.0,1.0,35.08,35.24,34.51,34.82,1591200.0
2012-12-28,34.68,35.07,34.68,34.84,1228100.0,0.0,1.0,34.68,35.07,34.68,34.84,1228100.0
2012-12-31,34.72,35.33,34.67,35.32,1313300.0,0.0,1.0,34.72,35.33,34.67,35.32,1313300.0
2013-01-02,35.76,35.83,35.34,35.82,1992400.0,0.0,1.0,35.76,35.83,35.34,35.82,1992400.0
2013-01-03,35.73,36.3,35.14,36.28,2546400.0,0.0,1.0,35.73,36.3,35.14,36.28,2546400.0
2013-01-04,36.39,37.23,36.3,37.07,2248400.0,0.0,1.0,36.39,37.23,36.3,37.07,2248400.0
2013-01-07,36.97,37.23,36.97,37.07,1520800.0,0.0,1.0,36.97,37.23,36.97,37.07,1520800.0
2013-01-08,36.99,37.22,36.63,36.67,1930000.0,0.0,1.0,36.99,37.22,36.63,36.67,1930000.0
2013-01-09,36.77,37.08,36.67,36.92,1171900.0,0.0,1.0,36.77,37.08,36.67,36.92,1171900.0
2013-01-10,37.04,37.3,36.92,37.3,1200800.0,0.0,1.0,37.04,37.3,36.92,37.3,1200800.0
2013-01-11,37.98,38.45,37.5,38.11,3022300.0,0.0,1.0,37.98,38.45,37.5,38.11,3022300.0
2013-01-14,38.04,38.19,37.43,37.59,2199000.0,0.0,1.0,38.04,38.19,37.43,37.59,2199000.0
2013-01-15,36.32,38.03,36.2,37.85,4028100.0,0.0,1.0,36.32,38.03,36.2,37.85,4028100.0
2013-01-16,37.61,37.65,36.55,36.57,2150000.0,0.0,1.0,37.61,37.65,36.55,36.57,2150000.0
2013-01-17,36.7,37.11,36.55,37.02,1415900.0,0.0,1.0,36.7,37.11,36.55,37.02,1415900.0
2013-01-18,36.95,36.95,36.47,36.77,1236800.0,0.0,1.0,36.95,36.95,36.47,36.77,1236800.0
2013-01-22,36.8,37.04,36.6,36.96,1838900.0,0.0,1.0,36.8,37.04,36.6,36.96,1838900.0
2013-01-23,36.9,37.2,36.75,36.83,1376900.0,0.0,1.0,36.9,37.2,36.75,36.83,1376900.0
2013-01-24,36.88,37.18,36.64,36.76,1590500.0,0.0,1.0,36.88,37.18,36.64,36.76,1590500.0
2013-01-25,36.89,37.0,36.62,36.79,1215100.0,0.0,1.0,36.89,37.0,36.62,36.79,1215100.0
2013-01-28,36.97,36.97,36.47,36.5,1161300.0,0.0,1.0,36.97,36.97,36.47,36.5,1161300.0
2013-01-29,36.54,36.54,36.25,36.41,2590500.0,0.0,1.0,36.54,36.54,36.25,36.41,2590500.0
2013-01-30,36.51,36.69,36.15,36.28,1970800.0,0.0,1.0,36.51,36.69,36.15,36.28,1970800.0
2013-01-31,36.32,36.66,35.96,36.3,1926500.0,0.0,1.0,36.32,36.66,35.96,36.3,1926500.0
2013-02-01,36.4,36.53,36.18,36.48,1479100.0,0.0,1.0,36.4,36.53,36.18,36.48,1479100.0
2013-02-04,36.16,36.26,35.87,35.88,1923300.0,0.0,1.0,36.16,36.26,35.87,35.88,1923300.0
2013-02-05,36.16,36.49,35.84,35.95,1826400.0,0.0,1.0,36.16,36.49,35.84,35.95,1826400.0
2013-02-06,35.82,35.93,35.58,35.72,1292200.0,0.0,1.0,35.82,35.93,35.58,35.72,1292200.0
2013-02-07,35.66,35.92,35.3,35.48,1097700.0,0.0,1.0,35.66,35.92,35.3,35.48,1097700.0
2013-02-08,35.47,35.75,35.37,35.51,1106700.0,0.0,1.0,35.47,35.75,35.37,35.51,1106700.0
2013-02-11,35.46,35.65,35.26,35.48,1436600.0,0.0,1.0,35.46,35.65,35.26,35.48,1436600.0
2013-02-12,35.45,35.76,35.31,35.74,2431300.0,0.0,1.0,35.45,35.76,35.31,35.74,2431300.0
2013-02-13,35.81,35.99,35.7,35.8,2312300.0,0.0,1.0,35.81,35.99,35.7,35.8,2312300.0
2013-02-14,35.65,35.87,35.58,35.73,2801200.0,0.0,1.0,35.65,35.87,35.58,35.73,2801200.0
2013-02-15,35.81,36.46,35.57,36.0,4482000.0,0.0,1.0,35.81,36.46,35.57,36.0,4482000.0
2013-02-19,35.98,36.35,35.82,36.34,1773300.0,0.0,1.0,35.98,36.35,35.82,36.34,1773300.0
2013-02-20,36.25,36.63,36.25,36.41,1494600.0,0.0,1.0,36.25,36.63,36.25,36.41,1494600.0
2013-02-21,36.3,36.47,36.25,36.36,2103100.0,0.0,1.0,36.3,36.47,36.25,36.36,2103100.0
2013-02-22,36.41,36.72,36.36,36.67,1357700.0,0.0,1.0,36.41,36.72,36.36,36.67,1357700.0
2013-02-25,36.66,37.29,36.4,36.4,2290800.0,0.0,1.0,36.66,37.29,36.4,36.4,2290800.0
2013-02-26,36.52,36.85,36.33,36.57,1550200.0,0.0,1.0,36.52,36.85,36.33,36.57,1550200.0
2013-02-27,36.56,37.15,36.4,37.06,1385000.0,0.0,1.0,36.56,37.15,36.4,37.06,1385000.0
2013-02-28,37.12,37.19,36.65,36.8,2279300.0,0.0,1.0,37.12,37.19,36.65,36.8,2279300.0
2013-03-01,36.64,36.77,36.25,36.76,1687700.0,0.0,1.0,36.64,36.77,36.25,36.76,1687700.0
2013-03-04,36.61,37.21,36.58,37.21,1881000.0,0.0,1.0,36.61,37.21,36.58,37.21,1881000.0
2013-03-05,37.35,37.53,37.32,37.48,1102000.0,0.0,1.0,37.35,37.53,37.32,37.48,1102000.0
2013-03-06,37.49,37.62,37.22,37.29,1332500.0,0.0,1.0,37.49,37.62,37.22,37.29,1332500.0
2013-03-07,37.42,38.04,37.35,37.38,1348700.0,0.0,1.0,37.42,38.04,37.35,37.38,1348700.0
2013-03-08,37.5,38.0,37.14,37.9,1553700.0,0.0,1.0,37.5,38.0,37.14,37.9,1553700.0
2013-03-11,37.78,38.23,37.72,38.15,2445900.0,0.0,1.0,37.78,38.23,37.72,38.15,2445900.0
2013-03-12,38.14,38.25,37.95,38.04,1286200.0,0.0,1.0,38.14,38.25,37.95,38.04,1286200.0
2013-03-13,38.05,38.1,37.63,37.67,1546900.0,0.0,1.0,38.05,38.1,37.63,37.67,1546900.0
2013-03-14,37.69,37.93,37.66,37.93,942000.0,0.0,1.0,37.69,37.93,37.66,37.93,942000.0
2013-03-15,37.84,38.18,37.73,38.04,2015900.0,0.0,1.0,37.84,38.18,37.73,38.04,2015900.0
2013-03-18,37.64,37.83,37.44,37.61,974600.0,0.0,1.0,37.64,37.83,37.44,37.61,974600.0
2013-03-19,37.64,37.77,37.39,37.6,984800.0,0.0,1.0,37.64,37.77,37.39,37.6,984800.0
2013-03-20,37.79,38.12,37.71,38.01,1155200.0,0.0,1.0,37.79,38.12,37.71,38.01,1155200.0
2013-03-21,37.81,38.09,37.8,37.93,830100.0,0.0,1.0,37.81,38.09,37.8,37.93,830100.0
2013-03-22,38.0,38.04,37.64,37.78,902500.0,0.0,1.0,38.0,38.04,37.64,37.78,902500.0
2013-03-25,37.71,37.8,37.15,37.44,1480300.0,0.0,1.0,37.71,37.8,37.15,37.44,1480300.0
2013-03-26,37.61,37.98,37.55,37.71,1190300.0,0.0,1.0,37.61,37.98,37.55,37.71,1190300.0
2013-03-27,37.51,37.56,37.25,37.49,1148700.0,0.0,1.0,37.51,37.56,37.25,37.49,1148700.0
2013-03-28,37.52,38.08,37.48,38.04,1141400.0,0.0,1.0,37.52,38.08,37.48,38.04,1141400.0
2013-04-01,37.91,38.01,37.69,37.86,966300.0,0.0,1.0,37.91,38.01,37.69,37.86,966300.0
2013-04-02,37.92,37.93,37.69,37.75,1388300.0,0.0,1.0,37.92,37.93,37.69,37.75,1388300.0
2013-04-03,37.74,37.81,37.4,37.44,1295500.0,0.0,1.0,37.74,37.81,37.4,37.44,1295500.0
2013-04-04,37.48,37.81,37.31,37.66,1162400.0,0.0,1.0,37.48,37.81,37.31,37.66,1162400.0
2013-04-05,37.39,37.55,37.08,37.52,978300.0,0.0,1.0,37.39,37.55,37.08,37.52,978300.0
2013-04-08,37.43,37.49,37.03,37.49,580400.0,0.0,1.0,37.43,37.49,37.03,37.49,580400.0
2013-04-09,37.48,37.64,37.31,37.34,928500.0,0.0,1.0,37.48,37.64,37.31,37.34,928500.0
2013-04-10,37.44,38.07,37.43,38.07,1015900.0,0.0,1.0,37.44,38.07,37.43,38.07,1015900.0
2013-04-11,38.01,38.45,37.99,38.31,1528400.0,0.0,1.0,38.01,38.45,37.99,38.31,1528400.0
2013-04-12,38.17,38.17,37.75,37.99,557800.0,0.0,1.0,38.17,38.17,37.75,37.99,557800.0
2013-04-15,37.89,37.89,36.09,36.11,2393900.0,0.0,1.0,37.89,37.89,36.09,36.11,2393900.0
2013-04-16,36.26,36.44,35.38,35.68,2049200.0,0.0,1.0,36.26,36.44,35.38,35.68,2049200.0
2013-04-17,35.6,35.82,35.25,35.59,1919200.0,0.0,1.0,35.6,35.82,35.25,35.59,1919200.0
2013-04-18,35.51,35.68,35.22,35.44,1459000.0,0.0,1.0,35.51,35.68,35.22,35.44,1459000.0
2013-04-19,35.58,35.92,35.47,35.91,1431700.0,0.0,1.0,35.58,35.92,35.47,35.91,1431700.0
2013-04-22,35.92,36.16,35.5,36.14,2305600.0,0.0,1.0,35.92,36.16,35.5,36.14,2305600.0
2013-04-23,36.09,37.57,35.99,36.85,2464000.0,0.0,1.0,36.09,37.57,35.99,36.85,2464000.0
2013-04-24,36.9,37.09,36.41,36.99,1770800.0,0.0,1.0,36.9,37.09,36.41,36.99,1770800.0
2013-04-25,37.18,37.28,36.72,36.95,1183600.0,0.0,1.0,37.18,37.28,36.72,36.95,1183600.0
2013-04-26,36.97,37.1,36.79,37.03,502700.0,0.0,1.0,36.97,37.1,36.79,37.03,502700.0
2013-04-29,37.17,37.34,37.02,37.21,678200.0,0.0,1.0,37.17,37.34,37.02,37.21,678200.0
2013-04-30,37.17,37.54,36.9,37.41,1216500.0,0.0,1.0,37.17,37.54,36.9,37.41,1216500.0
2013-05-01,37.21,37.58,36.99,37.03,2317700.0,0.0,1.0,37.21,37.58,36.99,37.03,2317700.0
2013-05-02,37.21,37.39,37.01,37.1,1057600.0,0.0,1.0,37.21,37.39,37.01,37.1,1057600.0
2013-05-03,37.35,37.6,37.13,37.57,891400.0,0.0,1.0,37.35,37.6,37.13,37.57,891400.0
2013-05-06,37.57,37.57,37.16,37.2,767900.0,0.0,1.0,37.57,37.57,37.16,37.2,767900.0
2013-05-07,37.2,37.34,36.89,36.97,954500.0,0.0,1.0,37.2,37.34,36.89,36.97,954500.0
2013-05-08,37.0,37.82,36.97,37.7,1283100.0,0.0,1.0,37.0,37.82,36.97,37.7,1283100.0
2013-05-09,37.61,38.1,37.61,37.96,940200.0,0.0,1.0,37.61,38.1,37.61,37.96,940200.0
2013-05-10,37.74,38.28,37.54,38.26,1036500.0,0.0,1.0,37.74,38.28,37.54,38.26,1036500.0
2013-05-13,38.15,38.24,37.86,38.16,957400.0,0.0,1.0,38.15,38.24,37.86,38.16,957400.0
2013-05-14,38.18,38.8,38.13,38.69,945600.0,0.0,1.0,38.18,38.8,38.13,38.69,945600.0
2013-05-15,38.67,39.09,38.65,39.02,897500.0,0.0,1.0,38.67,39.09,38.65,39.02,897500.0
2013-05-16,38.89,39.01,38.65,38.7,821600.0,0.0,1.0,38.89,39.01,38.65,38.7,821600.0
2013-05-17,38.74,38.81,38.43,38.53,990700.0,0.0,1.0,38.74,38.81,38.43,38.53,990700.0
2013-05-20,38.53,38.55,37.92,37.98,792600.0,0.0,1.0,38.53,38.55,37.92,37.98,792600.0
2013-05-21,37.92,38.07,37.69,37.92,665500.0,0.0,1.0,37.92,38.07,37.69,37.92,665500.0
2013-05-22,37.88,38.12,37.44,37.51,1813700.0,0.0,1.0,37.88,38.12,37.44,37.51,1813700.0
2013-05-23,38.01,39.68,38.01,39.53,4032100.0,0.0,1.0,38.01,39.68,38.01,39.53,4032100.0
2013-05-24,39.17,39.33,38.39,39.23,2409900.0,0.0,1.0,39.17,39.33,38.39,39.23,2409900.0
2013-05-28,39.36,40.49,39.35,40.41,2556600.0,0.0,1.0,39.36,40.49,39.35,40.41,2556600.0
2013-05-29,40.07,40.17,39.44,39.91,3365500.0,0.0,1.0,40.07,40.17,39.44,39.91,3365500.0
2013-05-30,39.86,40.25,39.73,40.21,1598800.0,0.0,1.0,39.86,40.25,39.73,40.21,1598800.0
2013-05-31,40.01,40.27,39.7,39.75,2968700.0,0.0,1.0,40.01,40.27,39.7,39.75,2968700.0
2013-06-03,39.75,40.13,39.28,40.13,1439400.0,0.0,1.0,39.75,40.13,39.28,40.13,1439400.0
2013-06-04,39.98,40.24,39.85,40.09,1445100.0,0.0,1.0,39.98,40.24,39.85,40.09,1445100.0
2013-06-05,40.09,40.33,39.89,39.95,1837800.0,0.0,1.0,40.09,40.33,39.89,39.95,1837800.0
2013-06-06,40.0,40.33,39.71,40.33,1101800.0,0.0,1.0,40.0,40.33,39.71,40.33,1101800.0
2013-06-07,40.32,40.7,40.15,40.45,800900.0,0.0,1.0,40.32,40.7,40.15,40.45,800900.0
2013-06-10,40.35,41.1,40.3,41.03,1232500.0,0.0,1.0,40.35,41.1,40.3,41.03,1232500.0
2013-06-11,40.51,40.51,39.71,39.83,2634500.0,0.0,1.0,40.51,40.51,39.71,39.83,2634500.0
2013-06-12,40.3,40.45,39.72,39.72,1583300.0,0.0,1.0,40.3,40.45,39.72,39.72,1583300.0
2013-06-13,39.87,40.73,39.47,40.65,1428300.0,0.0,1.0,39.87,40.73,39.47,40.65,1428300.0
2013-06-14,40.56,41.09,40.28,41.08,1513000.0,0.0,1.0,40.56,41.09,40.28,41.08,1513000.0
2013-06-17,41.24,41.68,41.04,41.28,1781400.0,0.0,1.0,41.24,41.68,41.04,41.28,1781400.0
2013-06-18,41.21,41.69,41.08,41.57,1391000.0,0.0,1.0,41.21,41.69,41.08,41.57,1391000.0
2013-06-19,41.36,43.85,41.34,41.84,5976300.0,0.0,1.0,41.36,43.85,41.34,41.84,5976300.0
2013-06-20,41.41,41.47,40.07,40.19,2199100.0,0.0,1.0,41.41,41.47,40.07,40.19,2199100.0
2013-06-21,41.21,41.38,40.59,40.83,7654400.0,0.0,1.0,41.21,41.38,40.59,40.83,7654400.0
2013-06-24,40.45,40.67,40.11,40.46,2434000.0,0.0,1.0,40.45,40.67,40.11,40.46,2434000.0
2013-06-25,40.72,40.75,40.14,40.65,1821400.0,0.0,1.0,40.72,40.75,40.14,40.65,1821400.0
2013-06-26,40.93,41.12,40.43,40.69,941900.0,0.0,1.0,40.93,41.12,40.43,40.69,941900.0
2013-06-27,40.92,41.1,40.82,40.95,1221100.0,0.0,1.0,40.92,41.1,40.82,40.95,1221100.0
2013-06-28,40.92,41.42,40.63,41.0,1522200.0,0.0,1.0,40.92,41.42,40.63,41.0,1522200.0
2013-07-01,41.05,41.8,40.98,41.72,1604400.0,0.0,1.0,41.05,41.8,40.98,41.72,1604400.0
2013-07-02,41.69,41.95,41.53,41.71,1342600.0,0.0,1.0,41.69,41.95,41.53,41.71,1342600.0
2013-07-03,41.46,42.04,41.25,41.83,823100.0,0.0,1.0,41.46,42.04,41.25,41.83,823100.0
2013-07-05,42.18,42.42,41.98,42.39,743900.0,0.0,1.0,42.18,42.42,41.98,42.39,743900.0
2013-07-08,42.35,42.76,42.29,42.49,916700.0,0.0,1.0,42.35,42.76,42.29,42.49,916700.0
2013-07-09,42.81,42.97,42.38,42.6,1389500.0,0.0,1.0,42.81,42.97,42.38,42.6,1389500.0
2013-07-10,42.66,43.4,42.62,43.35,1429600.0,0.0,1.0,42.66,43.4,42.62,43.35,1429600.0
2013-07-11,43.63,43.83,43.4,43.79,1524700.0,0.0,1.0,43.63,43.83,43.4,43.79,1524700.0
2013-07-12,43.74,43.98,43.54,43.92,1604000.0,0.0,1.0,43.74,43.98,43.54,43.92,1604000.0
2013-07-15,43.83,44.0,43.53,43.98,1014700.0,0.0,1.0,43.83,44.0,43.53,43.98,1014700.0
2013-07-16,44.03,44.04,43.11,43.37,1330700.0,0.0,1.0,44.03,44.04,43.11,43.37,1330700.0
2013-07-17,43.34,43.81,43.19,43.35,812900.0,0.0,1.0,43.34,43.81,43.19,43.35,812900.0
2013-07-18,43.31,43.77,43.28,43.49,582100.0,0.0,1.0,43.31,43.77,43.28,43.49,582100.0
2013-07-19,43.4,43.83,43.24,43.76,761600.0,0.0,1.0,43.4,43.83,43.24,43.76,761600.0
2013-07-22,43.84,44.0,43.56,43.75,1299000.0,0.0,1.0,43.84,44.0,43.56,43.75,1299000.0
2013-07-23,44.0,44.87,42.68,44.25,2435400.0,0.0,1.0,44.0,44.87,42.68,44.25,2435400.0
2013-07-24,44.6,44.75,44.17,44.19,1103300.0,0.0,1.0,44.6,44.75,44.17,44.19,1103300.0
2013-07-25,44.18,44.24,43.82,43.99,2491400.0,0.0,1.0,44.18,44.24,43.82,43.99,2491400.0
2013-07-26,43.99,44.41,43.9,44.41,3234200.0,0.0,1.0,43.99,44.41,43.9,44.41,3234200.0
2013-07-29,43.92,44.15,43.31,43.58,1842000.0,0.0,1.0,43.92,44.15,43.31,43.58,1842000.0
2013-07-30,43.66,44.2,43.58,43.77,839900.0,0.0,1.0,43.66,44.2,43.58,43.77,839900.0
2013-07-31,43.94,44.2,43.5,43.56,1207400.0,0.0,1.0,43.94,44.2,43.5,43.56,1207400.0
2013-08-01,43.96,44.83,43.93,44.66,1310600.0,0.0,1.0,43.96,44.83,43.93,44.66,1310600.0
2013-08-02,44.6,44.92,44.49,44.71,880300.0,0.0,1.0,44.6,44.92,44.49,44.71,880300.0
2013-08-05,44.53,44.72,44.37,44.54,1254200.0,0.0,1.0,44.53,44.72,44.37,44.54,1254200.0
2013-08-06,44.53,44.7,44.32,44.34,1072900.0,0.0,1.0,44.53,44.7,44.32,44.34,1072900.0
2013-08-07,44.3,44.5,44.11,44.17,733300.0,0.0,1.0,44.3,44.5,44.11,44.17,733300.0
2013-08-08,44.38,44.51,43.93,44.36,824400.0,0.0,1.0,44.38,44.51,43.93,44.36,824400.0
2013-08-09,44.5,44.57,43.79,43.81,754200.0,0.0,1.0,44.5,44.57,43.79,43.81,754200.0
2013-08-12,43.56,43.89,43.24,43.45,820700.0,0.0,1.0,43.56,43.89,43.24,43.45,820700.0
2013-08-13,43.47,43.66,43.2,43.34,765000.0,0.0,1.0,43.47,43.66,43.2,43.34,765000.0
2013-08-14,43.38,43.67,43.23,43.28,652500.0,0.0,1.0,43.38,43.67,43.23,43.28,652500.0
2013-08-15,42.82,42.92,42.33,42.61,1215000.0,0.0,1.0,42.82,42.92,42.33,42.61,1215000.0
2013-08-16,42.44,42.54,42.21,42.43,1180900.0,0.0,1.0,42.44,42.54,42.21,42.43,1180900.0
2013-08-19,42.26,42.51,42.2,42.25,1050300.0,0.0,1.0,42.26,42.51,42.2,42.25,1050300.0
2013-08-20,42.25,42.78,42.25,42.46,1214500.0,0.0,1.0,42.25,42.78,42.25,42.46,1214500.0
2013-08-21,42.35,43.07,42.17,42.77,1262100.0,0.0,1.0,42.35,43.07,42.17,42.77,1262100.0
2013-08-22,42.65,43.06,42.64,42.99,815400.0,0.0,1.0,42.65,43.06,42.64,42.99,815400.0
2013-08-23,42.98,43.09,42.66,42.8,1024700.0,0.0,1.0,42.98,43.09,42.66,42.8,1024700.0
2013-08-26,42.89,43.13,42.7,42.96,528200.0,0.0,1.0,42.89,43.13,42.7,42.96,528200.0
2013-08-27,42.58,42.69,42.22,42.26,956000.0,0.0,1.0,42.58,42.69,42.22,42.26,956000.0
2013-08-28,42.19,42.62,41.97,42.51,670500.0,0.0,1.0,42.19,42.62,41.97,42.51,670500.0
2013-08-29,42.37,42.85,42.25,42.75,607800.0,0.0,1.0,42.37,42.85,42.25,42.75,607800.0
2013-08-30,42.71,42.72,42.34,42.53,759300.0,0.0,1.0,42.71,42.72,42.34,42.53,759300.0
2013-09-03,42.91,43.1,42.59,42.82,777400.0,0.0,1.0,42.91,43.1,42.59,42.82,777400.0
2013-09-04,42.8,43.4,42.74,43.4,719600.0,0.0,1.0,42.8,43.4,42.74,43.4,719600.0
2013-09-05,43.33,43.93,43.15,43.34,1105600.0,0.0,1.0,43.33,43.93,43.15,43.34,1105600.0
2013-09-06,43.39,43.6,43.0,43.21,602700.0,0.0,1.0,43.39,43.6,43.0,43.21,602700.0
2013-09-09,43.18,43.44,43.16,43.42,367700.0,0.0,1.0,43.18,43.44,43.16,43.42,367700.0
2013-09-10,44.01,44.43,43.48,43.56,2879700.0,0.0,1.0,44.01,44.43,43.48,43.56,2879700.0
2013-09-11,43.5,44.61,43.27,44.33,1432000.0,0.0,1.0,43.5,44.61,43.27,44.33,1432000.0
2013-09-12,44.34,44.5,44.09,44.26,533800.0,0.0,1.0,44.34,44.5,44.09,44.26,533800.0
2013-09-13,44.22,44.41,43.99,44.12,429900.0,0.0,1.0,44.22,44.41,43.99,44.12,429900.0
2013-09-16,44.58,44.86,44.44,44.66,1134200.0,0.0,1.0,44.58,44.86,44.44,44.66,1134200.0
2013-09-17,44.75,44.87,44.24,44.6,723800.0,0.0,1.0,44.75,44.87,44.24,44.6,723800.0
2013-09-18,44.67,44.94,44.05,44.78,790600.0,0.0,1.0,44.67,44.94,44.05,44.78,790600.0
2013-09-19,44.81,44.96,44.34,44.41,970000.0,0.0,1.0,44.81,44.96,44.34,44.41,970000.0
2013-09-20,44.46,44.74,44.19,44.27,1771300.0,0.0,1.0,44.46,44.74,44.19,44.27,1771300.0
2013-09-23,44.21,44.25,43.63,43.69,1090900.0,0.0,1.0,44.21,44.25,43.63,43.69,1090900.0
2013-09-24,43.81,43.88,43.29,43.32,1003200.0,0.0,1.0,43.81,43.88,43.29,43.32,1003200.0
2013-09-25,43.25,43.55,43.0,43.12,849700.0,0.0,1.0,43.25,43.55,43.0,43.12,849700.0
2013-09-26,43.25,43.57,43.1,43.3,862300.0,0.0,1.0,43.25,43.57,43.1,43.3,862300.0
2013-09-27,43.09,43.36,42.98,43.17,665600.0,0.0,1.0,43.09,43.36,42.98,43.17,665600.0
2013-09-30,43.0,43.0,42.65,42.79,1393700.0,0.0,1.0,43.0,43.0,42.65,42.79,1393700.0
2013-10-01,42.9,43.29,42.79,43.28,2025100.0,0.0,1.0,42.9,43.29,42.79,43.28,2025100.0
2013-10-02,42.9,43.13,42.59,43.11,1988200.0,0.0,1.0,42.9,43.13,42.59,43.11,1988200.0
2013-10-03,43.09,43.29,42.87,42.9,1935200.0,0.0,1.0,43.09,43.29,42.87,42.9,1935200.0
2013-10-04,42.99,43.47,42.91,43.27,1189600.0,0.0,1.0,42.99,43.47,42.91,43.27,1189600.0
2013-10-07,42.99,43.08,42.84,42.87,1148300.0,0.0,1.0,42.99,43.08,42.84,42.87,1148300.0
2013-10-08,42.8,43.02,42.58,42.65,1975000.0,0.0,1.0,42.8,43.02,42.58,42.65,1975000.0
2013-10-09,42.62,42.95,42.49,42.69,1874600.0,0.0,1.0,42.62,42.95,42.49,42.69,1874600.0
2013-10-10,43.14,43.21,42.81,43.02,1319000.0,0.0,1.0,43.14,43.21,42.81,43.02,1319000.0
2013-10-11,43.0,43.31,42.89,43.3,2409400.0,0.0,1.0,43.0,43.31,42.89,43.3,2409400.0
2013-10-14,43.07,43.41,42.94,43.4,1250400.0,0.0,1.0,43.07,43.41,42.94,43.4,1250400.0
2013-10-15,43.25,43.3,42.98,43.03,1202800.0,0.0,1.0,43.25,43.3,42.98,43.03,1202800.0
2013-10-16,43.43,44.16,43.3,44.15,1931700.0,0.0,1.0,43.43,44.16,43.3,44.15,1931700.0
2013-10-17,44.12,44.79,44.04,44.72,1811700.0,0.0,1.0,44.12,44.79,44.04,44.72,1811700.0
2013-10-18,44.81,44.88,44.25,44.44,890800.0,0.0,1.0,44.81,44.88,44.25,44.44,890800.0
2013-10-21,44.45,44.55,43.92,44.31,1006100.0,0.0,1.0,44.45,44.55,43.92,44.31,1006100.0
2013-10-22,45.1,47.1,43.78,46.54,5326000.0,0.0,1.0,45.1,47.1,43.78,46.54,5326000.0
2013-10-23,46.53,47.21,46.23,46.57,2153200.0,0.0,1.0,46.53,47.21,46.23,46.57,2153200.0
2013-10-24,46.79,47.56,46.74,47.25,3436600.0,0.0,1.0,46.79,47.56,46.74,47.25,3436600.0
2013-10-25,47.73,48.0,47.0,47.34,2903000.0,0.0,1.0,47.73,48.0,47.0,47.34,2903000.0
2013-10-28,47.18,47.51,46.84,46.87,1503200.0,0.0,1.0,47.18,47.51,46.84,46.87,1503200.0
2013-10-29,47.09,47.46,46.93,47.23,2486200.0,0.0,1.0,47.09,47.46,46.93,47.23,2486200.0
2013-10-30,47.25,47.29,46.51,46.81,1605200.0,0.0,1.0,47.25,47.29,46.51,46.81,1605200.0
2013-10-31,46.81,47.17,46.42,47.03,2156500.0,0.0,1.0,46.81,47.17,46.42,47.03,2156500.0
2013-11-01,47.27,47.46,46.96,47.15,3435000.0,0.0,1.0,47.27,47.46,46.96,47.15,3435000.0
2013-11-04,47.17,47.38,46.83,46.99,974300.0,0.0,1.0,47.17,47.38,46.83,46.99,974300.0
2013-11-05,46.93,47.17,46.8,46.91,1949800.0,0.0,1.0,46.93,47.17,46.8,46.91,1949800.0
2013-11-06,47.27,47.56,47.15,47.41,2450800.0,0.0,1.0,47.27,47.56,47.15,47.41,2450800.0
2013-11-07,47.5,47.75,47.16,47.31,1637800.0,0.0,1.0,47.5,47.75,47.16,47.31,1637800.0
2013-11-08,47.23,48.01,47.18,48.0,1284700.0,0.0,1.0,47.23,48.01,47.18,48.0,1284700.0
2013-11-11,47.99,48.96,47.91,48.96,1774300.0,0.0,1.0,47.99,48.96,47.91,48.96,1774300.0
2013-11-12,48.71,49.34,48.64,49.28,1475900.0,0.0,1.0,48.71,49.34,48.64,49.28,1475900.0
2013-11-13,49.18,50.45,49.15,50.44,1818300.0,0.0,1.0,49.18,50.45,49.15,50.44,1818300.0
2013-11-14,50.51,51.3,50.36,51.19,1824400.0,0.0,1.0,50.51,51.3,50.36,51.19,1824400.0
2013-11-15,51.11,51.69,51.03,51.66,1670900.0,0.0,1.0,51.11,51.69,51.03,51.66,1670900.0
2013-11-18,51.83,52.07,51.23,51.44,1474100.0,0.0,1.0,51.83,52.07,51.23,51.44,1474100.0
2013-11-19,51.44,51.69,51.16,51.32,899300.0,0.0,1.0,51.44,51.69,51.16,51.32,899300.0
2013-11-20,51.31,51.63,51.15,51.42,695300.0,0.0,1.0,51.31,51.63,51.15,51.42,695300.0
2013-11-21,50.99,51.55,50.65,51.18,1599800.0,0.0,1.0,50.99,51.55,50.65,51.18,1599800.0
2013-11-22,51.35,51.74,51.26,51.58,1303900.0,0.0,1.0,51.35,51.74,51.26,51.58,1303900.0
2013-11-25,51.66,51.81,51.14,51.19,1256400.0,0.0,1.0,51.66,51.81,51.14,51.19,1256400.0
2013-11-26,51.91,52.06,51.46,51.6,2005900.0,0.0,1.0,51.91,52.06,51.46,51.6,2005900.0
2013-11-27,51.6,51.79,50.87,51.03,1082600.0,0.0,1.0,51.6,51.79,50.87,51.03,1082600.0
2013-11-29,51.22,51.76,51.22,51.31,696500.0,0.0,1.0,51.22,51.76,51.22,51.31,696500.0
2013-12-02,53.56,56.77,52.95,56.32,6988300.0,0.0,1.0,53.56,56.77,52.95,56.32,6988300.0
2013-12-03,57.15,58.32,55.79,56.44,7091800.0,0.0,1.0,57.15,58.32,55.79,56.44,7091800.0
2013-12-04,56.4,56.78,55.76,56.27,1766800.0,0.0,1.0,56.4,56.78,55.76,56.27,1766800.0
2013-12-05,55.75,56.33,55.4,55.75,1868900.0,0.0,1.0,55.75,56.33,55.4,55.75,1868900.0
2013-12-06,56.21,56.92,55.75,56.91,1266000.0,0.0,1.0,56.21,56.92,55.75,56.91,1266000.0
2013-12-09,56.47,57.06,56.07,56.44,1374800.0,0.0,1.0,56.47,57.06,56.07,56.44,1374800.0
2013-12-10,56.28,56.63,55.3,55.32,1786500.0,0.0,1.0,56.28,56.63,55.3,55.32,1786500.0
2013-12-11,55.51,55.51,54.73,55.25,1784100.0,0.0,1.0,55.51,55.51,54.73,55.25,1784100.0
2013-12-12,55.05,55.47,54.93,54.99,976200.0,0.0,1.0,55.05,55.47,54.93,54.99,976200.0
2013-12-13,55.25,55.7,54.76,55.46,1179500.0,0.0,1.0,55.25,55.7,54.76,55.46,1179500.0
2013-12-16,55.58,55.8,54.91,55.33,1154300.0,0.0,1.0,55.58,55.8,54.91,55.33,1154300.0
2013-12-17,55.53,55.77,54.96,55.63,1247200.0,0.0,1.0,55.53,55.77,54.96,55.63,1247200.0
2013-12-18,55.58,57.0,55.45,56.98,1309800.0,0.0,1.0,55.58,57.0,55.45,56.98,1309800.0
2013-12-19,57.5,57.5,56.33,56.93,1505300.0,0.0,1.0,57.5,57.5,56.33,56.93,1505300.0
2013-12-20,57.11,57.44,57.02,57.32,1983800.0,0.0,1.0,57.11,57.44,57.02,57.32,1983800.0
2013-12-23,57.5,58.29,57.5,58.17,1386600.0,0.0,1.0,57.5,58.29,57.5,58.17,1386600.0
2013-12-24,58.01,58.73,57.73,58.6,927400.0,0.0,1.0,58.01,58.73,57.73,58.6,927400.0
2013-12-26,58.62,59.22,58.38,59.15,1524100.0,0.0,1.0,58.62,59.22,58.38,59.15,1524100.0
2013-12-27,59.1,59.63,59.1,59.6,1164000.0,0.0,1.0,59.1,59.63,59.1,59.6,1164000.0
2013-12-30,59.66,60.29,59.35,60.19,1378200.0,0.0,1.0,59.66,60.29,59.35,60.19,1378200.0
2013-12-31,60.06,60.28,59.73,60.03,1098100.0,0.0,1.0,60.06,60.28,59.73,60.03,1098100.0
2014-01-02,60.0,60.14,59.37,59.63,1141200.0,0.0,1.0,60.0,60.14,59.37,59.63,1141200.0
2014-01-03,59.73,59.99,59.12,59.62,1075400.0,0.0,1.0,59.73,59.99,59.12,59.62,1075400.0
2014-01-06,59.76,60.2,58.4,58.47,2124100.0,0.0,1.0,59.76,60.2,58.4,58.47,2124100.0
2014-01-07,58.57,58.96,58.38,58.76,2713000.0,0.0,1.0,58.57,58.96,58.38,58.76,2713000.0
2014-01-08,68.83,69.45,66.02,69.3,11884000.0,0.0,1.0,68.83,69.45,66.02,69.3,11884000.0
2014-01-09,69.08,70.14,68.62,69.17,3666900.0,0.0,1.0,69.08,70.14,68.62,69.17,3666900.0
2014-01-10,69.2,69.68,68.73,69.0,1794700.0,0.0,1.0,69.2,69.68,68.73,69.0,1794700.0
2014-01-13,68.53,69.75,67.62,67.73,2282600.0,0.0,1.0,68.53,69.75,67.62,67.73,2282600.0
2014-01-14,68.78,70.07,68.37,69.97,3478100.0,0.0,1.0,68.78,70.07,68.37,69.97,3478100.0
2014-01-15,69.77,69.9,69.02,69.1,1744700.0,0.0,1.0,69.77,69.9,69.02,69.1,1744700.0
2014-01-16,68.88,69.15,68.13,68.28,1517600.0,0.0,1.0,68.88,69.15,68.13,68.28,1517600.0
2014-01-17,70.58,70.86,68.39,68.74,3934800.0,0.0,1.0,70.58,70.86,68.39,68.74,3934800.0
2014-01-21,72.03,72.4,67.26,68.0,4901100.0,0.0,1.0,72.03,72.4,67.26,68.0,4901100.0
2014-01-22,68.38,68.64,66.35,67.02,3119600.0,0.0,1.0,68.38,68.64,66.35,67.02,3119600.0
2014-01-23,66.84,67.52,66.54,67.49,2097800.0,0.0,1.0,66.84,67.52,66.54,67.49,2097800.0
2014-01-24,67.16,67.23,64.91,64.95,2732300.0,0.0,1.0,67.16,67.23,64.91,64.95,2732300.0
2014-01-27,65.43,65.61,64.03,65.14,2450100.0,0.0,1.0,65.43,65.61,64.03,65.14,2450100.0
2014-01-28,65.41,66.36,64.98,66.1,1809200.0,0.0,1.0,65.41,66.36,64.98,66.1,1809200.0
2014-01-29,64.91,66.34,64.54,64.82,1983000.0,0.0,1.0,64.91,66.34,64.54,64.82,1983000.0
2014-01-30,65.54,66.34,65.44,66.3,1848600.0,0.0,1.0,65.54,66.34,65.44,66.3,1848600.0
2014-01-31,65.6,66.47,65.5,66.3,2671200.0,0.0,1.0,65.6,66.47,65.5,66.3,2671200.0
2014-02-03,66.3,66.81,64.33,64.44,3207400.0,0.0,1.0,66.3,66.81,64.33,64.44,3207400.0
2014-02-04,65.27,66.46,65.27,66.16,2024600.0,0.0,1.0,65.27,66.46,65.27,66.16,2024600.0
2014-02-05,65.79,67.39,64.94,66.78,2621900.0,0.0,1.0,65.79,67.39,64.94,66.78,2621900.0
2014-02-06,66.79,67.11,65.94,66.25,1529800.0,0.0,1.0,66.79,67.11,65.94,66.25,1529800.0
2014-02-07,66.28,69.0,66.25,68.89,2541500.0,0.0,1.0,66.28,69.0,66.25,68.89,2541500.0
2014-02-10,68.52,69.2,67.97,69.14,1996500.0,0.0,1.0,68.52,69.2,67.97,69.14,1996500.0
2014-02-11,69.0,69.86,68.54,69.5,1889500.0,0.0,1.0,69.0,69.86,68.54,69.5,1889500.0
2014-02-12,69.61,69.84,69.22,69.43,1730500.0,0.0,1.0,69.61,69.84,69.22,69.43,1730500.0
2014-02-13,69.22,70.62,69.15,70.34,3274100.0,0.0,1.0,69.22,70.62,69.15,70.34,3274100.0
2014-02-14,70.21,71.4,70.0,71.39,2674400.0,0.0,1.0,70.21,71.4,70.0,71.39,2674400.0
2014-02-18,92.8,93.5,90.21,91.04,36928000.0,0.0,1.0,92.8,93.5,90.21,91.04,36928000.0
2014-02-19,91.65,94.68,91.35,93.98,13932500.0,0.0,1.0,91.65,94.68,91.35,93.98,13932500.0
2014-02-20,93.85,97.97,93.5,97.3,6583100.0,0.0,1.0,93.85,97.97,93.5,97.3,6583100.0
2014-02-21,96.43,96.96,95.19,96.88,5103300.0,0.0,1.0,96.43,96.96,95.19,96.88,5103300.0
2014-02-24,96.26,98.54,96.19,98.25,3792900.0,0.0,1.0,96.26,98.54,96.19,98.25,3792900.0
2014-02-25,98.42,99.67,98.13,99.55,3487300.0,0.0,1.0,98.42,99.67,98.13,99.55,3487300.0
2014-02-26,99.5,100.88,99.09,99.72,4241000.0,0.0,1.0,99.5,100.88,99.09,99.72,4241000.0
2014-02-27,99.89,100.45,99.25,99.56,3601900.0,0.0,1.0,99.89,100.45,99.25,99.56,3601900.0
2014-02-28,99.89,99.92,97.15,97.57,3792100.0,0.0,1.0,99.89,99.92,97.15,97.57,3792100.0
2014-03-03,95.38,97.06,95.09,96.76,5421800.0,0.0,1.0,95.38,97.06,95.09,96.76,5421800.0
2014-03-04,97.85,99.83,97.62,99.36,3767200.0,0.0,1.0,97.85,99.83,97.62,99.36,3767200.0
2014-03-05,99.29,99.72,98.55,98.73,1661900.0,0.0,1.0,99.29,99.72,98.55,98.73,1661900.0
2014-03-06,98.75,99.0,95.17,95.18,5794700.0,0.0,1.0,98.75,99.0,95.17,95.18,5794700.0
2014-03-07,95.58,95.9,92.48,94.68,7663700.0,0.0,1.0,95.58,95.9,92.48,94.68,7663700.0
2014-03-10,94.62,94.68,92.51,93.12,3915400.0,0.0,1.0,94.62,94.68,92.51,93.12,3915400.0
2014-03-11,93.25,95.37,92.7,93.84,3207400.0,0.0,1.0,93.25,95.37,92.7,93.84,3207400.0
2014-03-12,93.65,95.0,92.97,94.58,1694800.0,0.0,1.0,93.65,95.0,92.97,94.58,1694800.0
2014-03-13,94.83,96.13,93.95,94.19,1691900.0,0.0,1.0,94.83,96.13,93.95,94.19,1691900.0
2014-03-14,94.05,95.93,93.57,95.51,2012700.0,0.0,1.0,94.05,95.93,93.57,95.51,2012700.0
2014-03-17,95.71,96.85,94.94,95.25,2200800.0,0.0,1.0,95.71,96.85,94.94,95.25,2200800.0
2014-03-18,95.34,97.63,95.23,96.66,2617700.0,0.0,1.0,95.34,97.63,95.23,96.66,2617700.0
2014-03-19,96.75,97.44,95.38,96.0,1442500.0,0.0,1.0,96.75,97.44,95.38,96.0,1442500.0
2014-03-20,96.05,96.77,95.2,95.69,1743200.0,0.0,1.0,96.05,96.77,95.2,95.69,1743200.0
2014-03-21,95.98,96.0,91.0,91.0,6151100.0,0.0,1.0,95.98,96.0,91.0,91.0,6151100.0
2014-03-24,93.06,93.85,91.13,92.5,4130200.0,0.0,1.0,93.06,93.85,91.13,92.5,4130200.0
2014-03-25,92.86,94.65,92.15,92.45,2808600.0,0.0,1.0,92.86,94.65,92.15,92.45,2808600.0
2014-03-26,92.69,93.67,91.29,91.3,1636000.0,0.0,1.0,92.69,93.67,91.29,91.3,1636000.0
2014-03-27,91.33,92.21,89.83,91.2,3228000.0,0.0,1.0,91.33,92.21,89.83,91.2,3228000.0
2014-03-28,91.44,93.06,90.92,91.54,1379200.0,0.0,1.0,91.44,93.06,90.92,91.54,1379200.0
2014-03-31,91.72,92.75,91.16,92.27,2991500.0,0.0,1.0,91.72,92.75,91.16,92.27,2991500.0
2014-04-01,92.52,94.76,92.32,93.31,3569100.0,0.0,1.0,92.52,94.76,92.32,93.31,3569100.0
2014-04-02,93.41,94.19,92.75,93.18,2419300.0,0.0,1.0,93.41,94.19,92.75,93.18,2419300.0
2014-04-03,93.26,93.43,91.86,92.65,1791800.0,0.0,1.0,93.26,93.43,91.86,92.65,1791800.0
2014-04-04,92.97,93.88,90.24,90.56,2288900.0,0.0,1.0,92.97,93.88,90.24,90.56,2288900.0
2014-04-07,90.39,91.5,87.73,88.57,3265500.0,0.0,1.0,90.39,91.5,87.73,88.57,3265500.0
2014-04-08,88.49,88.49,85.3,87.22,7016900.0,0.0,1.0,88.49,88.49,85.3,87.22,7016900.0
2014-04-09,88.45,91.03,88.3,90.97,3938700.0,0.0,1.0,88.45,91.03,88.3,90.97,3938700.0
2014-04-10,90.86,90.86,86.94,87.39,3566623.0,0.0,1.0,90.86,90.86,86.94,87.39,3566623.0
2014-04-11,86.48,88.57,85.91,86.76,2735629.0,0.0,1.0,86.48,88.57,85.91,86.76,2735629.0
2014-04-14,87.09,88.11,85.41,86.86,1634389.0,0.0,1.0,87.09,88.11,85.41,86.86,1634389.0
2014-04-15,87.44,88.54,85.85,88.34,2389238.0,0.0,1.0,87.44,88.54,85.85,88.34,2389238.0
2014-04-16,89.12,90.5,88.72,90.29,2267951.0,0.0,1.0,89.12,90.5,88.72,90.29,2267951.0
2014-04-17,89.55,90.74,89.0,89.58,1095021.0,0.0,1.0,89.55,90.74,89.0,89.58,1095021.0
2014-04-21,89.67,91.64,89.58,91.28,2291113.0,0.0,1.0,89.67,91.64,89.58,91.28,2291113.0
2014-04-22,91.63,94.07,91.52,92.13,4472954.0,0.0,1.0,91.63,94.07,91.52,92.13,4472954.0
2014-04-23,92.07,92.39,91.23,91.65,1402094.0,0.0,1.0,92.07,92.39,91.23,91.65,1402094.0
2014-04-24,92.02,92.19,90.21,91.45,1095876.0,0.0,1.0,92.02,92.19,90.21,91.45,1095876.0
2014-04-25,91.09,91.47,89.67,89.84,2899138.0,0.0,1.0,91.09,91.47,89.67,89.84,2899138.0
2014-04-28,90.66,91.14,88.18,89.5,2218196.0,0.0,1.0,90.66,91.14,88.18,89.5,2218196.0
2014-04-29,90.78,90.79,88.75,89.73,1704695.0,0.0,1.0,90.78,90.79,88.75,89.73,1704695.0
2014-04-30,91.34,92.32,90.55,91.91,4420335.0,0.0,1.0,91.34,92.32,90.55,91.91,4420335.0
2014-05-01,91.83,94.89,91.92,93.3,1958253.0,0.0,1.0,91.83,94.89,91.92,93.3,1958253.0
2014-05-02,93.52,93.52,91.34,91.51,1937950.0,0.0,1.0,93.52,93.52,91.34,91.51,1937950.0
2014-05-05,91.21,93.59,90.63,93.49,1657142.0,0.0,1.0,91.21,93.59,90.63,93.49,1657142.0
2014-05-06,92.74,93.26,91.78,91.78,1302470.0,0.0,1.0,92.74,93.26,91.78,91.78,1302470.0
2014-05-07,91.83,92.04,90.355,91.56,2655264.0,0.0,1.0,91.83,92.04,90.355,91.56,2655264.0
2014-05-08,91.19,91.89,89.25,89.89,2017926.0,0.0,1.0,91.19,91.89,89.25,89.89,2017926.0
2014-05-09,89.81,90.04,88.39,89.5,1704305.0,0.0,1.0,89.81,90.04,88.39,89.5,1704305.0
2014-05-12,90.34,91.94,89.88,91.82,946021.0,0.0,1.0,90.34,91.94,89.88,91.82,946021.0
2014-05-13,92.01,93.29,91.84,93.01,1265753.0,0.0,1.0,92.01,93.29,91.84,93.01,1265753.0
2014-05-14,92.49,93.85,92.16,92.78,1342706.0,0.0,1.0,92.49,93.85,92.16,92.78,1342706.0
2014-05-15,92.43,92.85,91.58,92.59,2153992.0,0.0,1.0,92.43,92.85,91.58,92.59,2153992.0
2014-05-16,92.37,93.46,92.16,93.28,2340923.0,0.0,1.0,92.37,93.46,92.16,93.28,2340923.0
2014-05-19,93.015,94.0,92.88,93.5,2346509.0,0.0,1.0,93.015,94.0,92.88,93.5,2346509.0
2014-05-20,93.31,93.63,92.21,92.66,1921192.0,0.0,1.0,93.31,93.63,92.21,92.66,1921192.0
2014-05-21,92.43,93.6,92.39,93.57,1642524.0,0.0,1.0,92.43,93.6,92.39,93.57,1642524.0
2014-05-22,93.34,95.9,93.08,95.11,2017325.0,0.0,1.0,93.34,95.9,93.08,95.11,2017325.0
2014-05-23,95.03,96.0,94.93,95.57,1076524.0,0.0,1.0,95.03,96.0,94.93,95.57,1076524.0
2014-05-27,96.03,96.26,95.42,95.91,1312841.0,0.0,1.0,96.03,96.26,95.42,95.91,1312841.0
2014-05-28,95.94,96.53,94.45,94.53,1359439.0,0.0,1.0,95.94,96.53,94.45,94.53,1359439.0
2014-05-29,94.6,95.79,94.47,95.75,1294391.0,0.0,1.0,94.6,95.79,94.47,95.75,1294391.0
2014-05-30,95.63,96.2,94.63,94.78,7273837.0,0.0,1.0,95.63,96.2,94.63,94.78,7273837.0
2014-06-02,94.99,95.89,93.79,95.53,2088572.0,0.0,1.0,94.99,95.89,93.79,95.53,2088572.0
2014-06-03,95.56,96.5,95.11,96.23,1217855.0,0.0,1.0,95.56,96.5,95.11,96.23,1217855.0
2014-06-04,95.86,96.41,94.72,94.77,3640544.0,0.0,1.0,95.86,96.41,94.72,94.77,3640544.0
2014-06-05,94.48,95.34,93.77,93.86,2612359.0,0.0,1.0,94.48,95.34,93.77,93.86,2612359.0
2014-06-06,93.83,94.57,93.66,94.24,1501451.0,0.0,1.0,93.83,94.57,93.66,94.24,1501451.0
2014-06-09,94.2,94.5,93.74,94.05,1335982.0,0.0,1.0,94.2,94.5,93.74,94.05,1335982.0
2014-06-10,93.54,94.3,92.58,93.8,2554222.0,0.0,1.0,93.54,94.3,92.58,93.8,2554222.0
2014-06-11,93.13,95.36,93.0,95.12,2177059.0,0.0,1.0,93.13,95.36,93.0,95.12,2177059.0
2014-06-12,94.57,95.61,94.1,94.37,1586519.0,0.0,1.0,94.57,95.61,94.1,94.37,1586519.0
2014-06-13,94.61,95.2,93.6,94.58,1342304.0,0.0,1.0,94.61,95.2,93.6,94.58,1342304.0
2014-06-16,94.5,95.94,94.34,94.97,2586619.0,0.0,1.0,94.5,95.94,94.34,94.97,2586619.0
2014-06-17,94.53,97.54,94.43,96.59,3381345.0,0.0,1.0,94.53,97.54,94.43,96.59,3381345.0
2014-06-18,96.62,98.67,96.54,97.46,2273708.0,0.0,1.0,96.62,98.67,96.54,97.46,2273708.0
2014-06-19,97.44,97.63,96.2,96.95,1827584.0,0.0,1.0,97.44,97.63,96.2,96.95,1827584.0
2014-06-20,96.25,97.94,96.0,96.87,4614986.0,0.0,1.0,96.25,97.94,96.0,96.87,4614986.0
2014-06-23,98.16,99.45,97.86,98.75,1482979.0,0.0,1.0,98.16,99.45,97.86,98.75,1482979.0
2014-06-24,98.6,100.22,98.87,100.04,4510203.0,0.0,1.0,98.6,100.22,98.87,100.04,4510203.0
2014-06-25,100.13,100.54,98.84,99.53,1823277.0,0.0,1.0,100.13,100.54,98.84,99.53,1823277.0
2014-06-26,99.4,100.39,99.16,99.96,1284013.0,0.0,1.0,99.4,100.39,99.16,99.96,1284013.0
2014-06-27,99.74,100.7,99.38,99.77,4118544.0,0.0,1.0,99.74,100.7,99.38,99.77,4118544.0
2014-06-30,100.16,100.46,99.0,99.0,11460490.0,0.0,1.0,100.16,100.46,99.0,99.0,11460490.0
