Date,Open,High,Low,Close,Volume,Ex-Dividend,Split Ratio,Adj. Open,Adj. High,Adj. Low,Adj. Close,Adj. Volume
2012-09-17,44.0,45.57,43.06,45.1,1300600.0,0.0,1.0,40.10216330162982,41.53308140125616,39.245435267458646,41.10471738417057,1300600.0
2012-09-18,45.82,45.99,45.0,45.67,1161500.0,0.0,1.0,41.760934601833604,41.91587477822627,41.01357610393959,41.62422268148714,1161500.0
2012-09-19,45.74,46.385,45.5,46.0,2803500.0,0.0,1.0,41.688021577648826,42.275882835138624,41.469282505094476,41.92498890624936,2803500.0
2012-09-20,45.94,46.9,45.5,46.45,4425700.0,0.0,1.0,41.870304138110775,42.74526042832815,41.469282505094476,42.33512466728876,4425700.0
2012-09-21,47.3,47.3,45.16,45.98,3876800.0,0.0,1.0,43.10982554925206,43.10982554925206,41.159402152309156,41.90676065020316,3876800.0
2012-09-24,46.5,46.5,45.08,46.0,1702400.0,0.0,1.0,42.380695307404245,42.380695307404245,41.08648912812437,41.92498890624936,1702400.0
2012-09-25,46.0,46.13,45.2,45.25,1135400.0,0.0,1.0,41.92498890624936,42.04347257054963,41.19585866440155,41.241429304517034,1135400.0
2012-09-26,45.8,45.91,44.75,44.75,1608500.0,0.0,1.0,41.742706345787404,41.84296175404148,40.78572290336215,40.78572290336215,1608500.0
2012-09-27,44.85,45.14,44.01,44.78,2144200.0,0.0,1.0,40.87686418359313,41.14117389626296,40.11127742965292,40.81306528743144,2144200.0
2012-09-28,45.05,46.5,44.2,44.635,3148600.0,0.0,1.0,41.05914674405508,42.380695307404245,40.28444586209178,40.68091043109653,3148600.0
2012-10-01,45.57,45.62,42.0,44.1,12031400.0,0.0,1.0,41.53308140125616,41.57865204137165,38.279337697010284,40.1933045818608,12031400.0
2012-10-02,44.45,46.14,44.44,45.42,12314500.0,0.0,1.0,40.51229906266922,42.05258669857273,40.50318493464612,41.3963694809097,12314500.0
2012-10-03,45.55,47.76,44.83,44.87,26426900.0,0.0,1.0,41.51485314520996,43.52907543831455,40.85863592754693,40.89509243963932,26426900.0
2012-10-04,45.5,46.68,45.5,46.63,7550100.0,0.0,1.0,41.469282505094476,42.54474961182,41.469282505094476,42.49917897170452,7550100.0
2012-10-05,46.5488,47.76,46.5,47.57,8998600.0,0.0,1.0,42.42517225215696,43.52907543831455,42.380695307404245,43.3559070058757,8998600.0
2012-10-08,47.92,48.0,46.5,46.59,6450000.0,0.0,1.0,43.67490148668412,43.7478145108689,42.380695307404245,42.46272245961213,6450000.0
2012-10-09,46.7,47.29,45.95,47.0,7724400.0,0.0,1.0,42.5629778678662,43.100711421228965,41.879418266133875,42.83640170855913,7724400.0
2012-10-10,47.28,47.53,46.2,46.35,9671700.0,0.0,1.0,43.091597293205865,43.31945049378331,42.10727146671132,42.24398338705778,9671700.0
2012-10-11,47.0,47.037,45.44,46.46,12664700.0,0.0,1.0,42.83640170855913,42.87012398224459,41.41459773695589,42.34423879531185,12664700.0
2012-10-12,46.67,47.41,46.05,47.1,7384000.0,0.0,1.0,42.53563548379691,43.21008095750613,41.970559546364846,42.92754298879011,7384000.0
2012-10-15,47.17,47.68,46.78,46.96,7890200.0,0.0,1.0,42.991341884951794,43.45616241412977,42.63589089205098,42.79994519646674,7890200.0
2012-10-16,46.9,47.26,46.32,47.25,5934900.0,0.0,1.0,42.74526042832815,43.073369037159665,42.21664100298849,43.06425490913657,5934900.0
2012-10-17,47.4,47.74,46.55,46.65,3948700.0,0.0,1.0,43.200966829483036,43.510847182268364,42.42626594751973,42.51740722775071,3948700.0
2012-10-18,46.67,46.78,45.91,46.4,5681500.0,0.0,1.0,42.53563548379691,42.63589089205098,41.84296175404148,42.28955402717327,5681500.0
2012-10-19,46.33,46.498,45.9,46.0291,4863600.0,0.0,1.0,42.22575513101158,42.378872481799625,41.83384762601838,41.95151101879657,4863600.0
2012-10-22,46.2,46.85,46.15,46.62,4607700.0,0.0,1.0,42.10727146671132,42.699689788212666,42.061700826595825,42.49006484368142,4607700.0
2012-10-23,46.22,46.434,45.941,46.21,4141800.0,0.0,1.0,42.12549972275751,42.3205420624518,41.871215550913085,42.11638559473442,4141800.0
2012-10-24,46.08,46.62,45.21,45.5222,4924400.0,0.0,1.0,41.99790193043414,42.49006484368142,41.20497279242465,41.489515869305755,4924400.0
2012-10-25,45.73,46.17,45.42,45.91,2825100.0,0.0,1.0,41.67890744962572,42.079929082642025,41.3963694809097,41.84296175404148,2825100.0
2012-10-26,45.84,45.84,45.11,45.3,3235900.0,0.0,1.0,41.779162857879804,41.779162857879804,41.11383151219367,41.28699994463252,3235900.0
2012-10-31,45.62,46.2,44.8,45.46,3979000.0,0.0,1.0,41.57865204137165,42.10727146671132,40.831293543477635,41.43282599300209,3979000.0
2012-11-01,45.38,45.65,45.02,45.1302,3277400.0,0.0,1.0,41.359912968817305,41.60599442544094,41.03180435998579,41.13224205080033,3277400.0
2012-11-02,45.22,45.39,44.53,44.56,3751300.0,0.0,1.0,41.21408692044774,41.369027096840405,40.585212086854,40.6125544709233,3751300.0
2012-11-05,44.47,44.82,44.4,44.77,2746300.0,0.0,1.0,40.530527318715414,40.849521799523835,40.46672842255373,40.80395115940835,2746300.0
2012-11-06,45.2,45.29,44.69,44.7,3821300.0,0.0,1.0,41.19585866440155,41.27788581660943,40.731038135223564,40.740152263246664,3821300.0
2012-11-07,45.5,45.57,44.31,44.57,4212600.0,0.0,1.0,41.469282505094476,41.53308140125616,40.38470127034586,40.62166859894639,4212600.0
2012-11-08,44.8,45.09,43.69,43.77,4163500.0,0.0,1.0,40.831293543477635,41.09560325614748,39.819625332913795,39.89253835709858,4163500.0
2012-11-09,43.82,44.28,43.4,43.66,3350200.0,0.0,1.0,39.938108997214066,40.35735888627656,39.55531562024396,39.7922829488445,3350200.0
2012-11-12,43.62,44.28,43.25,43.94,3004800.0,0.0,1.0,39.75582643675211,40.35735888627656,39.418603699897496,40.04747853349124,3004800.0
2012-11-13,43.81,44.26,43.65,43.9604,3198800.0,0.0,1.0,39.92899486919097,40.339130630230365,39.7831688208214,40.066071354658355,3198800.0
2012-11-14,44.15,44.96,43.67,44.34,4481900.0,0.0,1.0,40.238875221976286,40.977119591847206,39.8013970768676,40.41204365441515,4481900.0
2012-11-15,44.08,44.46,43.5,43.92,2993300.0,0.0,1.0,40.1750763258146,40.52141319069232,39.64645690047494,40.029250277445044,2993300.0
2012-11-16,43.81,44.31,43.46,44.1886,3576800.0,0.0,1.0,39.92899486919097,40.38470127034586,39.61000038838255,40.27405575614545,3576800.0
2012-11-19,44.47,45.0,44.28,44.89,2864400.0,0.0,1.0,40.530527318715414,41.01357610393959,40.35735888627656,40.91332069568552,2864400.0
2012-11-20,44.9,44.9,44.445,44.88,1751500.0,0.0,1.0,40.92243482370861,40.92243482370861,40.50774199865767,40.90420656766242,1751500.0
2012-11-21,44.81,45.14,44.4,44.51,1885600.0,0.0,1.0,40.84040767150074,41.14117389626296,40.46672842255373,40.56698383080781,1885600.0
2012-11-23,44.41,45.3,44.41,45.28,806000.0,0.0,1.0,40.47584255057683,41.28699994463252,40.47584255057683,41.26877168858633,806000.0
2012-11-26,45.0,45.18,44.06,44.31,3627800.0,0.0,1.0,41.01357610393959,41.17763040835535,40.156848069768415,40.38470127034586,3627800.0
2012-11-27,44.31,45.47,44.1,45.33,3829900.0,0.0,1.0,40.38470127034586,41.44194012102518,40.1933045818608,41.31434232870181,3829900.0
2012-11-28,44.92,45.91,44.27,45.82,3388800.0,0.0,1.0,40.94066307975481,41.84296175404148,40.348244758253465,41.760934601833604,3388800.0
2012-11-29,45.96,46.01,45.5,45.94,2938300.0,0.0,1.0,41.888532394156975,41.93410303427246,41.469282505094476,41.870304138110775,2938300.0
2012-11-30,45.13,46.37,45.11,45.24,6090300.0,0.0,1.0,41.13205976823986,42.262211643103974,41.11383151219367,41.23231517649394,6090300.0
2012-12-03,45.26,45.87,45.1,45.69,3715400.0,0.0,1.0,41.250543432540134,41.80650524194909,41.10471738417057,41.64245093753333,3715400.0
2012-12-04,45.65,45.89,45.36,45.7,3727000.0,0.0,1.0,41.60599442544094,41.82473349799529,41.34168471277111,41.65156506555643,3727000.0
2012-12-05,45.91,46.6,45.67,45.78,3685500.0,0.0,1.0,41.84296175404148,42.471836587635224,41.62422268148714,41.72447808974121,3685500.0
2012-12-06,45.64,45.99,45.12,45.15,3546800.0,0.0,1.0,41.59688029741785,41.91587477822627,41.12294564021676,41.150288024286056,3546800.0
2012-12-07,45.39,45.4,44.46,44.67,3143400.0,0.0,1.0,41.369027096840405,41.3781412248635,40.52141319069232,40.71280987917737,3143400.0
2012-12-10,44.52,45.21,44.27,44.32,2144100.0,0.0,1.0,40.57609795883091,41.20497279242465,40.348244758253465,40.39381539836895,2144100.0
2012-12-11,44.32,44.99,44.32,44.83,4059500.0,0.0,1.0,40.39381539836895,41.0044619759165,40.39381539836895,40.85863592754693,4059500.0
2012-12-12,44.91,46.08,44.9,45.7,4532000.0,0.0,1.0,40.93154895173171,41.99790193043414,40.92243482370861,41.65156506555643,4532000.0
2012-12-13,46.13,46.2399,45.7,46.01,3084600.0,0.0,1.0,42.04347257054963,42.143636837523474,41.65156506555643,41.93410303427246,3084600.0
2012-12-14,46.22,46.63,46.1101,46.62,2688700.0,0.0,1.0,42.12549972275751,42.49917897170452,42.02533545578367,42.49006484368142,2688700.0
2012-12-17,46.64,46.65,45.99,46.33,3182900.0,0.0,1.0,42.50829309972762,42.51740722775071,41.91587477822627,42.22575513101158,3182900.0
2012-12-18,46.44,46.63,46.1,46.55,3283100.0,0.0,1.0,42.32601053926566,42.49917897170452,42.01613018648034,42.42626594751973,3283100.0
2012-12-19,46.4,46.6,46.05,46.36,2989200.0,0.0,1.0,42.28955402717327,42.471836587635224,41.970559546364846,42.25309751508088,2989200.0
2012-12-20,46.54,46.65,46.3,46.43,2879100.0,0.0,1.0,42.41715181949664,42.51740722775071,42.19841274694229,42.31689641124256,2879100.0
2012-12-21,46.0,46.43,45.49,45.53,4946400.0,0.0,1.0,41.92498890624936,42.31689641124256,41.46016837707138,41.49662488916377,4946400.0
2012-12-24,45.66,45.86,45.34,45.45,1289900.0,0.0,1.0,41.61510855346404,41.797391113926,41.32345645672492,41.42371186497899,1289900.0
2012-12-26,45.41,45.44,44.61,44.65,2234200.0,0.0,1.0,41.3872553528866,41.41459773695589,40.658125111038785,40.69458162313117,2234200.0
2012-12-27,44.43,44.505,44.08,44.39,3377700.0,0.5,1.0,40.95018784657147,41.01931375448263,40.627600276319384,40.91332069568552,3377700.0
2012-12-28,44.36,44.6,44.15,44.41,2344800.0,0.0,1.0,40.88567033252105,41.106873237836766,40.69211779036981,40.93175427112849,2344800.0
2012-12-31,44.18,45.48,44.16,45.47,3517500.0,0.0,1.0,40.71976815353427,41.917950557327714,40.70133457809129,41.90873376960623,3517500.0
2013-01-02,46.49,46.5,45.38,45.76,4343500.0,0.0,1.0,42.848846117198015,42.8580629049195,41.82578268011284,42.17602061352938,4343500.0
2013-01-03,45.7,45.74,45.2067,45.58,2841700.0,0.0,1.0,42.12071988720046,42.15758703808641,41.666055748899446,42.0101184345426,2841700.0
2013-01-04,45.66,46.05,45.16,45.37,3283100.0,0.0,1.0,42.0838527363145,42.44330745745253,41.62301335024009,41.816565892391345,3283100.0
2013-01-07,45.2,46.07,45.15,46.03,3330100.0,0.0,1.0,41.659880501126054,42.46174103289551,41.61379656251861,42.424873882009564,3330100.0
2013-01-08,46.02,46.06,45.56,45.62,3346900.0,0.0,1.0,42.41565709428808,42.452524245174025,41.99168485909962,42.04698558542855,3346900.0
2013-01-09,45.61,46.5,45.61,46.39,2541900.0,0.0,1.0,42.03776879770706,42.8580629049195,42.03776879770706,42.75667823998313,2541900.0
2013-01-10,46.55,46.67,45.835,46.01,3333500.0,0.0,1.0,42.90414684352694,43.0147482961848,42.245146521440546,42.40644030656658,3333500.0
2013-01-11,46.2,46.44,45.8599,46.37,2190000.0,0.0,1.0,42.58155927327486,42.80276217859057,42.26809632286705,42.738244664540154,2190000.0
2013-01-14,46.64,46.97,46.36,46.849,2330300.0,0.0,1.0,42.98709793302033,43.291251927829435,42.72902787681867,43.17972879639943,2330300.0
2013-01-15,46.78,46.94,46.18,46.71,2681300.0,0.0,1.0,43.11613296112117,43.263601564664974,42.56312569783188,43.05161544707075,2681300.0
2013-01-16,46.76,47.1,46.43,46.51,4238100.0,0.0,1.0,43.09769938567819,43.41107016820879,42.793545390869085,42.867279692640984,4238100.0
2013-01-17,46.8,47.11,46.73,46.92,2474900.0,0.0,1.0,43.13456653656414,43.42028695593027,43.07004902251372,43.245167989222,2474900.0
2013-01-18,47.0,47.09,46.59,47.051,2591800.0,0.0,1.0,43.318902290993904,43.401853380487296,42.9410139944129,43.365907908373494,2591800.0
2013-01-22,47.11,47.43,46.28,47.09,3119600.0,0.0,1.0,43.42028695593027,43.715224163017886,42.65529357504676,43.401853380487296,3119600.0
2013-01-23,47.13,47.2,46.65,46.74,2155900.0,0.0,1.0,43.43872053137325,43.503238045423664,42.99631472074182,43.07926581023521,2155900.0
2013-01-24,46.89,46.98,46.48,46.91,2985600.0,0.0,1.0,43.217517626057536,43.30046871555093,42.83962932947652,43.235951201500505,2985600.0
2013-01-25,47.34,47.53,46.99,47.14,2430500.0,0.0,1.0,43.6322730735245,43.80739204023277,43.30968550327242,43.447937319094734,2430500.0
2013-01-28,47.5,47.59,46.89,47.0,2386500.0,0.0,1.0,43.77974167706831,43.8626927665617,43.217517626057536,43.318902290993904,2386500.0
2013-01-29,47.01,47.38,46.83,47.05,1634200.0,0.0,1.0,43.32811907871539,43.669140224410455,43.162216899728605,43.36498622960134,1634200.0
2013-01-30,47.14,47.31,46.66,46.72,2197200.0,0.0,1.0,43.447937319094734,43.60462271036003,43.00553150846331,43.06083223479224,2197200.0
2013-01-31,46.5,46.71,46.18,46.22,3676400.0,0.0,1.0,42.8580629049195,43.05161544707075,42.56312569783188,42.59999284871783,3676400.0
2013-02-01,46.62,46.85,46.16,46.6,2150500.0,0.0,1.0,42.96866435757735,43.18065047517158,42.5446921223889,42.95023078213438,2150500.0
2013-02-04,46.78,46.86,46.17,46.4,2706000.0,0.0,1.0,43.11613296112117,43.18986726289307,42.553908910110394,42.765895027704616,2706000.0
2013-02-05,46.54,47.44,46.48,47.02,2533500.0,0.0,1.0,42.89493005580545,43.72444095073938,42.83962932947652,43.33733586643688,2533500.0
2013-02-06,47.0,47.45,46.87,47.01,2315200.0,0.0,1.0,43.318902290993904,43.73365773846087,43.19908405061456,43.32811907871539,2315200.0
2013-02-07,47.07,47.23,46.42,46.66,2579200.0,0.0,1.0,43.38341980504432,43.530888408588126,42.7843286031476,43.00553150846331,2579200.0
2013-02-08,46.93,47.06,46.5,46.9,2068100.0,0.0,1.0,43.25438477694349,43.374203017322834,42.8580629049195,43.22673441377902,2068100.0
2013-02-11,46.94,47.4,46.91,47.29,1849200.0,0.0,1.0,43.263601564664974,43.687573799853425,43.235951201500505,43.586189134917056,1849200.0
2013-02-12,47.49,47.5,47.05,47.24,1682300.0,0.0,1.0,43.77052488934682,43.77974167706831,43.36498622960134,43.54010519630962,1682300.0
2013-02-13,47.2,47.2,46.56,46.77,2007200.0,0.0,1.0,43.503238045423664,43.503238045423664,42.91336363124843,43.10691617339968,2007200.0
2013-02-14,47.4,47.65,46.87,47.16,5690600.0,0.0,1.0,43.687573799853425,43.91799349289062,43.19908405061456,43.46637089453771,5690600.0
2013-02-15,47.3,47.45,47.0,47.17,6103000.0,0.0,1.0,43.59540592263854,43.73365773846087,43.318902290993904,43.4755876822592,6103000.0
2013-02-19,47.21,47.8,47.21,47.37,5348800.0,0.0,1.0,43.512454833145156,44.056245308712946,43.512454833145156,43.659923436688956,5348800.0
2013-02-20,47.58,47.61,47.17,47.23,4175400.0,0.0,1.0,43.85347597884021,43.88112634200468,43.4755876822592,43.530888408588126,4175400.0
2013-02-21,47.23,47.3405,46.65,46.85,3304400.0,0.0,1.0,43.530888408588126,43.632733912910574,42.99631472074182,43.18065047517158,3304400.0
2013-02-22,47.05,47.54,46.85,47.46,3041800.0,0.0,1.0,43.36498622960134,43.816608827954255,43.18065047517158,43.742874526182355,3041800.0
2013-02-25,47.77,47.79,46.73,46.74,3112700.0,0.0,1.0,44.028594945548484,44.04702852099146,43.07004902251372,43.07926581023521,3112700.0
2013-02-26,46.92,47.4,46.8,47.27,3662500.0,0.0,1.0,43.245167989222,43.687573799853425,43.13456653656414,43.56775555947409,3662500.0
2013-02-27,47.29,47.865,47.11,47.67,2741000.0,0.0,1.0,43.586189134917056,44.116154428902625,43.42028695593027,43.93642706833361,2741000.0
2013-02-28,47.81,48.91,47.73,48.48,4529100.0,0.0,1.0,44.06546209643444,45.07930874579812,43.99172779466253,44.682986873774134,4529100.0
2013-03-01,48.25,48.66,47.81,48.57,3231400.0,0.0,1.0,44.47100075617991,44.84888905276092,44.06546209643444,44.76593796326753,3231400.0
2013-03-04,48.4,49.165,48.4,49.15,3591500.0,0.0,1.0,44.609252572002234,45.31433683269607,44.609252572002234,45.30051165111384,3591500.0
2013-03-05,49.43,49.5,49.0,49.19,4323800.0,0.0,1.0,45.558581707315504,45.62309922136592,45.162259835291515,45.33737880199979,4323800.0
2013-03-06,49.57,49.75,49.11,49.19,2838600.0,0.0,1.0,45.687616735416334,45.85351891440312,45.26364450022788,45.33737880199979,2838600.0
2013-03-07,49.37,49.39,48.88,49.04,2681200.0,0.0,1.0,45.503280980986574,45.52171455642955,45.05165838263366,45.19912698617747,2681200.0
2013-03-08,49.37,50.0,49.23,49.71,3251200.0,0.0,1.0,45.503280980986574,46.083938607440324,45.37424595288574,45.81665176351717,3251200.0
2013-03-11,49.95,50.3284,49.79,49.99,4027800.0,0.0,1.0,46.037854668832885,46.38661791621399,45.89038606528907,46.07472181971884,4027800.0
2013-03-12,50.11,50.63,49.93,50.55,4667100.0,0.0,1.0,46.18532327237669,46.66459623389407,46.01942109338991,46.590861932122166,4667100.0
2013-03-13,50.49,50.835,49.95,50.74,3736800.0,0.0,1.0,46.535561205793236,46.853540382184576,46.037854668832885,46.76598089883044,3736800.0
2013-03-14,50.79,50.85,50.27,50.47,3559100.0,0.0,1.0,46.81206483743788,46.86736556376681,46.332791875920506,46.51712763035026,3559100.0
2013-03-15,50.16,50.65,49.93,50.27,21024900.0,0.0,1.0,46.23140721098413,46.68302980933704,46.01942109338991,46.332791875920506,21024900.0
2013-03-18,49.94,50.83,49.85,50.65,3136200.0,0.0,1.0,46.02863788111139,46.84893198832383,45.945686791618,46.68302980933704,3136200.0
2013-03-19,50.88,50.9,50.2,50.58,2762900.0,0.0,1.0,46.89501592693127,46.91344950237425,46.268274361870084,46.61851229528663,2762900.0
2013-03-20,51.05,51.57,50.93,51.51,4237600.0,0.0,1.0,47.051701318196564,47.53097427971395,46.94109986553871,47.475673553385015,4237600.0
2013-03-21,51.31,51.9,51.25,51.66,3650500.0,0.0,1.0,47.29133779895526,47.83512827452305,47.23603707262633,47.61392536920734,3650500.0
2013-03-22,51.85,52.29,51.03,51.19,13842000.0,0.0,1.0,47.78904433591561,48.19458299566109,47.033267742753594,47.1807363462974,13842000.0
2013-03-25,51.51,51.95,51.0,51.25,12234600.0,0.0,1.0,47.475673553385015,47.881212213130496,47.005617379589125,47.23603707262633,12234600.0
2013-03-26,51.07,51.38,50.86,51.36,2888400.0,0.5,1.0,47.52837218816485,47.81687415366967,47.332935372822874,47.7982611236371,2888400.0
2013-03-27,51.11,51.45,50.81,51.37,2593300.0,0.0,1.0,47.56559824822999,47.88201975878366,47.28640279774146,47.80756763865338,2593300.0
2013-03-28,51.31,51.7,51.14,51.53,3159500.0,0.0,1.0,47.75172854855568,48.11468263419078,47.59351779327884,47.95647187891394,3159500.0
2013-04-01,51.38,52.1,51.26,51.89,2814200.0,0.0,1.0,47.81687415366967,48.48694323484215,47.705195973474254,48.29150641950018,2814200.0
2013-04-02,51.99,52.51,51.64,52.37,3030300.0,0.0,1.0,48.384571569663024,48.868510350509816,48.058843544093065,48.73821914028183,3030300.0
2013-04-03,52.49,52.49,51.4,51.66,3133100.0,0.0,1.0,48.84989732047725,48.84989732047725,47.835487183702234,48.077456574125634,3133100.0
2013-04-04,51.66,52.0105,51.53,51.85,1665700.0,0.0,1.0,48.077456574125634,48.40364992544641,47.95647187891394,48.25428035943504,1665700.0
2013-04-05,51.5,51.54,51.144,51.24,3207500.0,0.0,1.0,47.928552333865085,47.96577839393022,47.597240399285354,47.68658294344169,3207500.0
2013-04-08,51.41,51.8,51.0,51.73,3032400.0,0.0,1.0,47.84479369871852,48.207747784353614,47.46322658305086,48.142602179239624,3032400.0
2013-04-09,51.75,52.21,50.51,50.7,3074800.0,0.0,1.0,48.16121520927219,48.589314900021286,47.007207347252915,47.184031132562325,3074800.0
2013-04-10,50.95,51.43,50.93,51.36,2983500.0,0.0,1.0,47.41669400796944,47.863406728751094,47.39808097793687,47.7982611236371,2983500.0
2013-04-11,51.61,51.93,50.89,51.0,4265100.0,0.0,1.0,48.03092399904421,48.32873247956532,47.360854917871734,47.46322658305086,4265100.0
2013-04-12,51.22,52.11,50.97,52.07,3352700.0,0.0,1.0,47.66796991340912,48.496249749858436,47.43530703800201,48.4590236897933,3352700.0
2013-04-15,51.74,51.88,50.71,50.72,3783400.0,0.0,1.0,48.151908694255916,48.282199904483896,47.19333764757861,47.20264416259489,3783400.0
2013-04-16,51.04,51.56,50.75,51.49,2330500.0,0.0,1.0,47.500452643116,47.98439142396279,47.230563707643746,47.9192458188488,2330500.0
2013-04-17,51.11,51.23,50.13,50.42,3009500.0,0.0,1.0,47.56559824822999,47.6772764284254,46.65355977663411,46.923448712106364,3009500.0
2013-04-18,50.5,50.78,49.786,50.09,2957600.0,0.0,1.0,46.99790083223664,47.2584832526926,46.333415660073925,46.616333716568974,2957600.0
2013-04-19,49.86,50.72,49.86,50.35,2228000.0,0.0,1.0,46.40228387119443,47.20264416259489,46.40228387119443,46.858303106992366,2228000.0
2013-04-22,50.59,50.81,50.025,50.64,2121100.0,0.0,1.0,47.0816594673832,47.28640279774146,46.55584136896312,47.12819204246462,2121100.0
2013-04-23,50.87,51.23,50.365,51.19,2325900.0,0.0,1.0,47.34224188783916,47.6772764284254,46.872262879516796,47.640050368360264,2325900.0
2013-04-24,51.25,51.52,50.63,50.68,2494900.0,0.0,1.0,47.69588945845797,47.94716536389765,47.118885527448334,47.165418102529756,2494900.0
2013-04-25,50.9,51.31,50.685,51.28,2325200.0,0.0,1.0,47.37016143288801,47.75172854855568,47.1700713600379,47.72380900350683,2325200.0
2013-04-26,51.46,51.7,50.77,50.92,2547100.0,0.0,1.0,47.89132627379995,48.11468263419078,47.24917673767632,47.38877446292059,2547100.0
2013-04-29,51.27,52.06,51.25,51.57,2589400.0,0.0,1.0,47.714502488490545,48.449717174777014,47.69588945845797,47.993697938979075,2589400.0
2013-04-30,51.4001,51.73,51.08,51.49,2757600.0,0.0,1.0,47.8355802488524,48.142602179239624,47.537678703181136,47.9192458188488,2757600.0
2013-05-01,51.19,51.41,50.78,51.07,2059700.0,0.0,1.0,47.640050368360264,47.84479369871852,47.2584832526926,47.52837218816485,2059700.0
2013-05-02,51.16,51.89,50.04,50.53,4545000.0,0.0,1.0,47.61213082331141,48.29150641950018,46.569801141487545,47.02582037728549,4545000.0
2013-05-03,53.0,54.1,52.37,53.11,6136800.0,0.0,1.0,49.324529586307754,50.34824623809905,48.73821914028183,49.42690125148688,6136800.0
2013-05-06,53.07,53.65,52.608,53.39,3583200.0,0.0,1.0,49.389675191421745,49.92945306236625,48.9597141976694,49.68748367194285,3583200.0
2013-05-07,53.31,55.69,53.24,54.85,6666100.0,0.0,1.0,49.613031551812576,51.82798212568828,49.547885946698585,51.04623486432039,6666100.0
2013-05-08,54.93,55.125,54.2399,55.02,4018800.0,0.0,1.0,51.120686984450664,51.30216402726821,50.47844438317687,51.20444561959722,4018800.0
2013-05-09,55.5,55.57,54.7333,55.05,2787600.0,0.0,1.0,51.65115834037888,51.71630394549287,50.937627834080345,51.23236516464607,2787600.0
2013-05-10,55.19,55.54,55.05,55.22,3125700.0,0.0,1.0,51.36265637487406,51.688384400444015,51.23236516464607,51.39057591992291,3125700.0
2013-05-13,55.27,55.35,54.21,54.4,2899300.0,0.0,1.0,51.43710849500434,51.51156061513461,50.45061790327818,50.62744168858758,2899300.0
2013-05-14,54.3,54.81,53.95,54.77,2098400.0,0.0,1.0,50.53437653842474,51.00900880425525,50.208648512854786,50.971782744190115,2098400.0
2013-05-15,54.62,55.26,54.2,55.2,1588700.0,0.0,1.0,50.83218501894584,51.42780197998805,50.441311388261894,51.37196288989035,1588700.0
2013-05-16,55.82,55.82,54.97,55.52,2265900.0,0.0,1.0,51.94896682089998,51.94896682089998,51.1579130445158,51.669771370411446,2265900.0
2013-05-17,55.7401,56.13,54.975,56.11,2762000.0,0.0,1.0,51.87460776591987,52.237468786404804,51.16256630202394,52.21885575637223,2762000.0
2013-05-20,56.13,56.27,55.39,56.24,2688000.0,0.0,1.0,52.237468786404804,52.367759996632785,51.54878667519975,52.33984045158393,2688000.0
2013-05-21,56.27,57.09,56.13,56.61,4148100.0,0.0,1.0,52.367759996632785,53.13089422796811,52.237468786404804,52.68418150718645,4148100.0
2013-05-22,56.56,57.26,56.25,56.95,5880400.0,0.0,1.0,52.63764893210504,53.28910498324495,52.349146966600216,53.00060301774013,5880400.0
2013-05-23,56.47,57.155,56.3301,56.9,3383900.0,0.0,1.0,52.55389029695847,53.19138657557396,52.42369215188065,52.954070442658704,3383900.0
2013-05-24,56.38,57.14,56.0,57.01,1725500.0,0.0,1.0,52.47013166181191,53.177426803049535,52.1164840911931,53.05644210783783,1725500.0
2013-05-28,57.38,57.84,56.99,57.54,2341800.0,0.0,1.0,53.40078316344036,53.82888285418945,53.03782907780526,53.54968740370091,2341800.0
2013-05-29,57.3,57.54,56.605,56.71,2428900.0,0.0,1.0,53.326331043310084,53.54968740370091,52.679528249678306,52.7772466573493,2428900.0
2013-05-30,56.53,56.86,55.39,55.41,2712100.0,0.0,1.0,52.60972938705618,52.91684438259357,51.54878667519975,51.56739970523231,2712100.0
2013-05-31,55.47,55.69,54.8,55.13,4868200.0,0.0,1.0,51.623238795330025,51.82798212568828,50.99970228923896,51.30681728477635,4868200.0
2013-06-03,55.14,55.39,53.635,54.94,4384700.0,0.0,1.0,51.316123799792635,51.54878667519975,49.91549328984182,51.12999349946694,4384700.0
2013-06-04,55.13,55.475,53.71,54.4,4318400.0,0.0,1.0,51.30681728477635,51.62789205283817,49.985292152463956,50.62744168858758,4318400.0
2013-06-05,54.18,54.31,53.21,53.3,2809200.0,0.0,1.0,50.422698358229326,50.54368305344102,49.51996640164973,49.60372503679629,2809200.0
2013-06-06,53.48,54.04,52.94,53.74,2814400.0,0.0,1.0,49.77124230708941,50.29240714800134,49.26869049621005,50.01321169751281,2814400.0
2013-06-07,54.07,54.47,53.22,54.37,3110800.0,0.0,1.0,50.3203266930502,50.69258729370157,49.52927291666602,50.59952214353873,3110800.0
2013-06-10,54.48,54.52,53.68,54.51,2545600.0,0.0,1.0,50.701893808717855,50.739119868783,49.9573726074151,50.72981335376671,2545600.0
2013-06-11,54.34,54.48,53.54,54.14,2292500.0,0.0,1.0,50.57160259848988,50.701893808717855,49.827081397187115,50.38547229816419,2292500.0
2013-06-12,54.5,54.6,53.44,53.45,2318200.0,0.0,1.0,50.72050683875043,50.813571988913274,49.73401624702427,49.74332276204056,2318200.0
2013-06-13,53.6,56.12,53.55,55.99,4916700.0,0.0,1.0,49.88292048728483,52.22816227138851,49.8363879122034,52.10717757617682,4916700.0
2013-06-14,55.79,56.48,55.27,55.68,2897500.0,0.0,1.0,51.92104727585112,52.563196811974755,51.43710849500434,51.818675610671995,2897500.0
2013-06-17,55.82,56.47,55.46,55.93,2012600.0,0.0,1.0,51.94896682089998,52.55389029695847,51.61393228031374,52.05133848607911,2012600.0
2013-06-18,55.9,56.73,55.88,56.65,1909500.0,0.0,1.0,52.02341894103026,52.79585968738186,52.00480591099769,52.72140756725159,1909500.0
2013-06-19,56.65,56.74,55.3,55.33,3301200.0,0.0,1.0,52.72140756725159,52.805166202398155,51.465028040053184,51.49294758510204,3301200.0
2013-06-20,55.1,55.15,52.91,52.99,4797800.0,0.0,1.0,51.2788977397275,51.32543031480892,49.240770951161196,49.31522307129147,4797800.0
2013-06-21,53.3,53.84,52.8,53.46,6135400.0,0.0,1.0,49.60372503679629,50.10627684767566,49.13839928598206,49.75262927705684,6135400.0
2013-06-24,53.33,54.215,52.91,53.82,3300400.0,0.0,1.0,49.631644581845144,50.455271160786324,49.240770951161196,50.08766381764308,3300400.0
2013-06-25,54.35,55.14,54.04,54.69,3547600.0,0.0,1.0,50.58090911350616,51.316123799792635,50.29240714800134,50.89733062405983,3547600.0
2013-06-26,54.65,55.13,53.67,54.34,3588900.0,0.5,1.0,51.328084915154015,51.778907984857106,50.40765448117687,51.036928349304105,3588900.0
2013-06-27,54.54,55.75,54.54,55.32,2224800.0,0.0,1.0,51.224771295013724,52.36122111655693,51.224771295013724,51.957358783281244,2224800.0
2013-06-28,54.89,56.0,54.89,55.87,11861400.0,0.0,1.0,51.55349645000556,52.59602479869396,51.55349645000556,52.4739268839827,11861400.0
2013-07-01,55.75,56.25,54.85,54.98,2478000.0,0.0,1.0,52.36122111655693,52.83082848083099,51.515927860863634,51.63802577557489,2478000.0
2013-07-02,55.26,56.07,54.9,55.53,2817500.0,0.0,1.0,51.90100589956836,52.661769829692325,51.56288859729104,52.15459387627635,2817500.0
2013-07-03,55.01,55.575,54.89,55.51,1141700.0,0.0,1.0,51.666202217431334,52.19685853906102,51.55349645000556,52.13580958170538,1141700.0
2013-07-05,56.0,56.05,55.08,55.24,2019700.0,0.0,1.0,52.59602479869396,52.64298553512136,51.7319472484297,51.8822216049974,2019700.0
2013-07-08,55.63,55.97,54.64,55.03,2973600.0,0.0,1.0,52.24851534913116,52.567848356837516,51.318692767868534,51.6849865120023,2973600.0
2013-07-09,55.68,56.0,55.28,55.38,2006300.0,0.0,1.0,52.29547608555856,52.59602479869396,51.919790194139324,52.01371166699413,2006300.0
2013-07-10,55.51,56.33,55.39,56.06,1667600.0,0.0,1.0,52.13580958170538,52.905965659114834,52.023103814279615,52.65237768240684,1667600.0
2013-07-11,56.73,56.87,56.46,56.68,2213100.0,0.0,1.0,53.28165155053407,53.41314161253081,53.02806357382609,53.23469081410667,2213100.0
2013-07-12,56.82,57.19,56.44,56.69,2164800.0,0.0,1.0,53.36618087610341,53.7136903256662,53.009279279255125,53.24408296139215,2164800.0
2013-07-15,56.5,57.75,56.48,57.63,1935100.0,0.0,1.0,53.06563216296801,54.239650573653144,53.046847868397045,54.12694480622737,1935100.0
2013-07-16,57.75,57.84,57.34,57.47,1763900.0,0.0,1.0,54.239650573653144,54.32417989922248,53.854572534948424,53.97667044965967,1763900.0
2013-07-17,57.45,57.71,57.25,57.35,2000000.0,0.0,1.0,53.957886155088715,54.20208198451122,53.77004320937909,53.863964682233906,2000000.0
2013-07-18,57.35,58.05,56.67,57.18,2098600.0,0.0,1.0,53.863964682233906,54.52141499221757,53.22529866682119,53.704298178380725,2098600.0
2013-07-19,57.54,57.97,56.7,57.66,2281300.0,0.0,1.0,54.04241548065804,54.446277813933726,53.253475108677634,54.15512124808381,2281300.0
2013-07-22,58.44,58.76,57.93,58.29,2309200.0,0.0,1.0,54.887708736351335,55.18825744948673,54.40870922479181,54.74682652706912,2309200.0
2013-07-23,58.4,58.4,57.08,57.2,1935900.0,0.0,1.0,54.85014014720941,54.85014014720941,53.61037670552591,53.72308247295169,1935900.0
2013-07-24,57.35,57.68,56.07,56.44,2145100.0,0.0,1.0,53.863964682233906,54.17390554265478,52.661769829692325,53.009279279255125,2145100.0
2013-07-25,56.18,57.07,56.13,56.86,1749000.0,0.0,1.0,52.765083449832616,53.600984558240434,52.718122713405215,53.403749465245326,1749000.0
2013-07-26,56.44,56.7,55.68,56.45,2491100.0,0.0,1.0,53.009279279255125,53.253475108677634,52.29547608555856,53.01867142654061,2491100.0
2013-07-29,56.75,57.0,56.37,56.49,1944100.0,0.0,1.0,53.300435845105035,53.53523952724206,52.94353424825675,53.05624001568253,1944100.0
2013-07-30,56.51,57.13,56.49,56.64,1659200.0,0.0,1.0,53.07502431025349,53.657337441953324,53.05624001568253,53.197122224964744,1659200.0
2013-07-31,56.47,56.9432,56.06,56.58,1819500.0,0.0,1.0,53.03745572111157,53.481892130660526,52.65237768240684,53.14076934125186,1819500.0
2013-08-01,57.08,57.48,56.78,57.14,2303300.0,0.0,1.0,53.61037670552591,53.98606259694515,53.32861228696148,53.6667295892388,2303300.0
2013-08-02,57.05,57.75,56.012,57.5,3352600.0,0.0,1.0,53.58220026366947,54.239650573653144,52.607295375436536,54.00484689151612,3352600.0
2013-08-05,56.71,57.0518,56.35,56.45,2447300.0,0.0,1.0,53.262867255963116,53.58389085018086,52.9247499536858,53.01867142654061,2447300.0
2013-08-06,56.16,56.84,56.16,56.7,2249700.0,0.0,1.0,52.74629915526165,53.38496517067437,52.74629915526165,53.253475108677634,2249700.0
2013-08-07,56.25,56.5,55.131,55.2,2392000.0,0.0,1.0,52.83082848083099,53.06563216296801,51.77984719958565,51.84465301585548,2392000.0
2013-08-08,55.55,56.47,55.28,56.21,2664000.0,0.0,1.0,52.17337817084731,53.03745572111157,51.919790194139324,52.79325989168906,2664000.0
2013-08-09,56.41,56.41,55.755,56.26,1569800.0,0.0,1.0,52.98110283739868,52.98110283739868,52.365917190199674,52.84022062811646,1569800.0
2013-08-12,56.0,56.59,55.47,55.55,2284700.0,0.0,1.0,52.59602479869396,53.15016148853734,52.09824099256346,52.17337817084731,2284700.0
2013-08-13,55.77,56.37,55.45,56.04,1802400.0,0.0,1.0,52.3800054111279,52.94353424825675,52.079456697992505,52.63359338783588,1802400.0
2013-08-14,56.12,56.19,54.55,55.17,3755300.0,0.0,1.0,52.708730566119726,52.7744755971181,51.2341634422992,51.81647657399903,3755300.0
2013-08-15,54.62,54.69,53.37,53.5,3706600.0,0.0,1.0,51.29990847329757,51.365653504295935,50.125890062612434,50.24798797732369,3706600.0
2013-08-16,53.26,53.34,52.53,52.77,3824600.0,0.0,1.0,50.02257644247214,50.097713620756,49.33694969063203,49.56236122548358,3824600.0
2013-08-19,52.42,52.5,51.91,52.11,4050000.0,0.0,1.0,49.23363607049174,49.30877324877559,48.7546365589322,48.942479504641824,4050000.0
2013-08-20,52.45,53.61,52.19,52.63,3293400.0,0.0,1.0,49.261812512348186,50.35130159746398,49.01761668292567,49.43087116348684,3293400.0
2013-08-21,52.58,52.76,51.99,52.27,2543800.0,0.0,1.0,49.38391042705943,49.55296907819809,48.82977373721605,49.09275386120952,2543800.0
2013-08-22,52.32,53.29,52.27,53.02,1946700.0,0.0,1.0,49.139714597636925,50.05075288432859,49.09275386120952,49.797164907620605,1946700.0
2013-08-23,52.99,53.38,52.765,52.82,2790600.0,0.0,1.0,49.76898846576416,50.13528220989792,49.55766515184084,49.60932196191098,2790600.0
2013-08-26,53.09,53.09,51.69,52.08,3153500.0,0.0,1.0,49.86290993861897,49.86290993861897,48.548009318651616,48.91430306278538,3153500.0
2013-08-27,51.67,52.315,51.53,51.94,3203400.0,0.0,1.0,48.52922502408066,49.135018523994184,48.39773496208392,48.78281300078864,3203400.0
2013-08-28,51.75,52.0,51.2,51.57,2697200.0,0.0,1.0,48.604362202364506,48.83916588450153,48.08779410166305,48.43530355122585,2697200.0
2013-08-29,51.23,52.29,51.22,51.93,2582400.0,0.0,1.0,48.11597054351949,49.11153815578048,48.106578396234006,48.77342085350316,2582400.0
2013-08-30,51.97,52.25,51.53,51.77,1966500.0,0.0,1.0,48.81098944264509,49.07396956663856,48.39773496208392,48.62314649693547,1966500.0
2013-09-03,52.49,53.13,52.01,52.36,2393800.0,0.0,1.0,49.299381101490106,49.900478527760896,48.848558031787014,49.17728318677885,2393800.0
2013-09-04,52.2,53.2,52.1,52.94,2591600.0,0.0,1.0,49.02700883021116,49.96622355875926,48.93308735735634,49.72202772933675,2591600.0
2013-09-05,52.84,53.255,52.68,52.89,1990000.0,0.0,1.0,49.62810625648194,50.01788036882941,49.47783189991424,49.67506699290935,1990000.0
2013-09-06,53.43,53.81,52.58,53.21,2791400.0,0.0,1.0,50.182242946325324,50.539144543173606,49.38391042705943,49.97561570604474,2791400.0
2013-09-09,53.51,54.44,53.24,54.23,3474000.0,0.0,1.0,50.25738012460917,51.13084982215891,50.00379214790119,50.93361472916381,3474000.0
2013-09-10,54.31,54.4,52.64,53.12,4583000.0,0.0,1.0,51.00875190744766,51.09328123301699,49.44026331077232,49.89108638047541,4583000.0
2013-09-11,53.0,53.73,53.0,53.64,2828100.0,0.0,1.0,49.77838061304964,50.46400736488975,49.77838061304964,50.379478039320425,2828100.0
2013-09-12,53.53,53.64,53.29,53.4,2077300.0,0.0,1.0,50.276164419180134,50.379478039320425,50.05075288432859,50.15406650446888,2077300.0
2013-09-13,53.74,54.28,53.33,54.24,1962700.0,0.0,1.0,50.47339951217524,50.980575465591215,50.088321473470515,50.943006876449296,1962700.0
2013-09-16,54.68,55.17,54.581,54.79,2053300.0,0.0,1.0,51.35626135701046,51.81647657399903,51.2632790988842,51.45957497715075,2053300.0
2013-09-17,54.8,55.2,54.58,55.0,1491800.0,0.0,1.0,51.468967124436226,51.84465301585548,51.262339884155644,51.65681007014585,1491800.0
2013-09-18,55.17,55.65,54.38,55.53,2434400.0,0.0,1.0,51.81647657399903,52.26729964370212,51.074496938446025,52.15459387627635,2434400.0
2013-09-19,55.5,55.51,53.8,53.98,3974600.0,0.0,1.0,52.126417434419906,52.13580958170538,50.529752395888124,50.69881104702678,3974600.0
2013-09-20,53.93,54.45,53.8,54.03,15053400.0,0.0,1.0,50.65185031059938,51.140241969444396,50.529752395888124,50.74577178345419,15053400.0
2013-09-23,54.1,54.28,53.568,53.981,1722200.0,0.0,1.0,50.81151681445256,50.980575465591215,50.31185457886496,50.699750261755334,1722200.0
2013-09-24,54.11,54.11,52.95,53.04,3026800.0,0.0,1.0,50.820908961738034,50.820908961738034,49.73141987662223,49.81594920219156,3026800.0
2013-09-25,53.1,53.32,52.44,52.64,2445100.0,0.0,1.0,49.87230208590445,50.07892932618503,49.2524203650627,49.44026331077232,2445100.0
2013-09-26,52.9,53.06,52.32,53.04,1944200.0,0.0,1.0,49.684459140194825,49.834733496762524,49.139714597636925,49.81594920219156,1944200.0
2013-09-27,52.88,53.1,52.25,52.88,1792300.0,0.0,1.0,49.66567484562387,49.87230208590445,49.07396956663856,49.66567484562387,1792300.0
2013-09-30,52.39,52.82,52.08,52.48,2637800.0,0.0,1.0,49.205459628635296,49.60932196191098,48.91430306278538,49.289988954204624,2637800.0
2013-10-01,52.46,53.0,52.28,52.96,2041000.0,0.0,1.0,49.27120465963366,49.77838061304964,49.102146008495005,49.740812023907715,2041000.0
2013-10-02,52.59,53.079,52.1,53.06,2565300.0,0.0,1.0,49.393302574344915,49.85257857660494,48.93308735735634,49.834733496762524,2565300.0
2013-10-03,52.86,53.0272,52.12,52.46,2071000.0,0.0,1.0,49.646890551052905,49.803927253666146,48.951871651927306,49.27120465963366,2071000.0
2013-10-04,52.51,53.46,52.42,53.22,9195800.0,0.0,1.0,49.31816539606106,50.21041938818177,49.23363607049174,49.985007853330224,9195800.0
2013-10-07,52.71,54.36,52.71,53.85,8603200.0,0.0,1.0,49.50600834177069,51.05571264387506,49.50600834177069,50.57671313231553,8603200.0
2013-10-08,53.79,53.82,52.71,53.065,3671600.0,0.0,1.0,50.52036024860264,50.54853669045909,49.50600834177069,49.839429570405265,3671600.0
2013-10-09,52.55,52.79,51.77,51.88,3463000.0,0.525,1.0,49.855189658723255,50.082882247078985,49.11518874656714,49.21954784956352,3463000.0
2013-10-10,52.355,52.935,52.25,52.57,2955200.0,0.0,1.0,49.670189430684225,50.220446519210576,49.570573923278594,49.87416404108624,2955200.0
2013-10-11,52.42,52.89,52.29,52.34,3024500.0,0.0,1.0,49.73185617336391,50.177754158893876,49.60852268800455,49.655958643912,3024500.0
2013-10-14,52.2,52.495,52.1,52.36,3085600.0,0.0,1.0,49.523137967371156,49.80301010722507,49.428266055556264,49.67493302627497,3085600.0
2013-10-15,52.1,52.32,51.72,52.11,3185900.0,0.0,1.0,49.428266055556264,49.63698426154902,49.067752790659696,49.437753246737756,3185900.0
2013-10-16,52.45,53.1,52.37,53.06,2611200.0,0.0,1.0,49.76031774690837,50.37698517370514,49.684420217456456,50.33903640897918,2611200.0
2013-10-17,52.61,53.88,52.61,53.78,2283400.0,0.0,1.0,49.91211280581219,51.116986085861264,49.91211280581219,51.02211417404637,2283400.0
2013-10-18,53.81,53.989,53.62,53.69,2282100.0,0.0,1.0,51.05057574759084,51.220396469739484,50.87031911514255,50.93672945341297,2282100.0
2013-10-21,53.71,54.03,53.24,54.01,1646100.0,0.0,1.0,50.95570383577595,51.259293953583594,50.50980585024598,51.24031957122061,1646100.0
2013-10-22,54.54,54.95,54.01,54.73,2024600.0,0.0,1.0,51.743140703839515,52.13211554228056,51.24031957122061,51.9233973362878,2024600.0
2013-10-23,54.35,54.98,54.16,54.42,1583600.0,0.0,1.0,51.56288407139123,52.16057711582501,51.38262743894294,51.629294409661654,1583600.0
2013-10-24,54.64,54.82,54.3,54.61,1464300.0,0.0,1.0,51.8380126156544,52.0087820569212,51.515448115483785,51.80955104210994,1464300.0
2013-10-25,54.91,54.97,54.52,54.96,1508600.0,0.0,1.0,52.0941667775546,52.15108992464353,51.72416632147654,52.141602733462044,1508600.0
2013-10-28,54.62,55.73,54.62,55.51,2705100.0,0.0,1.0,51.81903823329142,52.87211645443667,51.81903823329142,52.66339824844392,2705100.0
2013-10-29,55.68,55.8,55.0,55.79,2396700.0,0.0,1.0,52.82468049852923,52.938526792707094,52.179551498188,52.9290396015256,2396700.0
2013-10-30,55.75,55.93,55.22,55.44,1804900.0,0.0,1.0,52.89109083679965,53.06186027806645,52.38826970418075,52.596987910173496,1804900.0
2013-10-31,54.79,54.79,53.08,54.375,5739700.0,0.0,1.0,51.98032048337673,51.98032048337673,50.35801079134216,51.586602049344954,5739700.0
2013-11-01,54.51,55.135,54.33,54.628,3638200.0,0.0,1.0,51.714679130295046,52.30762857913809,51.54390968902825,51.826627986236616,3638200.0
2013-11-04,54.66,55.03,54.45,54.58,2370000.0,0.0,1.0,51.856986998017376,52.208013071732466,51.65775598320612,51.78108946856547,2370000.0
2013-11-05,54.38,54.5129,54.09,54.11,2137100.0,0.0,1.0,51.5913456449357,51.71743041573768,51.316217100672525,51.3351914830355,2137100.0
2013-11-06,54.3,54.5,54.07,54.37,2193200.0,0.0,1.0,51.515448115483785,51.70519193911356,51.29724271830955,51.5818584537542,2193200.0
2013-11-07,54.25,54.38,53.256,53.44,2959000.0,0.0,1.0,51.46801215957634,51.5913456449357,50.52498535613636,50.69954967387575,2959000.0
2013-11-08,53.5,53.55,52.37,52.73,6687700.0,0.0,1.0,50.75647282096469,50.80390877687213,49.684420217456456,50.025959099990054,6687700.0
2013-11-11,52.61,52.8,52.12,52.38,3177500.0,0.0,1.0,49.91211280581219,50.09236943826048,49.44724043791924,49.693907408637955,3177500.0
2013-11-12,52.39,52.5,51.835,51.96,4313600.0,0.0,1.0,49.70339459981944,49.807753702815816,49.17685548924682,49.295445379015426,4313600.0
2013-11-13,52.37,52.53,51.97,52.515,3175800.0,0.0,1.0,49.684420217456456,49.836215276360285,49.30493257019691,49.82198448958805,3175800.0
2013-11-14,52.71,53.178,52.5788,53.02,2716400.0,0.0,1.0,50.00698471762708,50.450985264920746,49.88251276932595,50.30108764425323,2716400.0
2013-11-15,53.07,53.13,52.505,53.05,3306900.0,0.0,1.0,50.348523600160675,50.405446747249606,49.81249729840656,50.32954921779769,3306900.0
2013-11-18,53.31,53.94,52.8,52.94,2952600.0,0.0,1.0,50.576216188516405,51.17390923295019,50.09236943826048,50.225190114801315,2952600.0
2013-11-19,52.96,53.105,52.675,52.87,2975800.0,0.0,1.0,50.2441644971643,50.38172876929588,49.97377954849186,50.15877977653089,2975800.0
2013-11-20,53.59,53.59,52.29,52.59,3899400.0,0.0,1.0,50.84185754159809,50.84185754159809,49.60852268800455,49.893138423449216,3899400.0
2013-11-21,52.69,52.82,52.09,52.5,3584600.0,0.0,1.0,49.9880103352641,50.11134382062345,49.41877886437478,49.807753702815816,3584600.0
2013-11-22,52.13,52.9,52.12,52.72,2390900.0,0.0,1.0,49.45672762910073,50.18724135007536,49.44724043791924,50.01647190880857,2390900.0
2013-11-25,52.99,52.99,52.6,52.68,2034900.0,0.0,1.0,50.27262607070877,50.27262607070877,49.9026256146307,49.978523144082615,2034900.0
2013-11-26,52.97,53.59,52.8,53.17,3702800.0,0.0,1.0,50.253651688345784,50.84185754159809,50.09236943826048,50.44339551197556,3702800.0
2013-11-27,53.1,53.5899,53.0,53.39,2600400.0,0.0,1.0,50.37698517370514,50.84176266968627,50.28211326189025,50.65211371796831,2600400.0
2013-11-29,53.39,53.69,53.03,53.12,1443100.0,0.0,1.0,50.65211371796831,50.93672945341297,50.31057483543472,50.395959556068114,1443100.0
2013-12-02,53.36,53.41,52.755,53.1,2398400.0,0.0,1.0,50.62365214442384,50.67108810033129,50.04967707794378,50.37698517370514,2398400.0
2013-12-03,52.91,53.32,52.86,53.03,2365500.0,0.0,1.0,50.19672854125685,50.58570337969789,50.14929258534941,50.31057483543472,2365500.0
2013-12-04,52.87,52.9899,52.31,52.81,2522000.0,0.0,1.0,50.15877977653089,50.27253119879695,49.62749707036753,50.10185662944197,2522000.0
2013-12-05,52.88,52.98,52.45,52.66,2183400.0,0.0,1.0,50.16826696771239,50.26313887952727,49.76031774690837,49.95954876171963,2183400.0
2013-12-06,53.05,53.6,53.04,53.55,2363100.0,0.0,1.0,50.32954921779769,50.85134473277957,50.320062026616206,50.80390877687213,2363100.0
2013-12-09,54.5792,54.92,54.3,54.5,3941000.0,0.0,1.0,51.78033049327095,52.10365396873609,51.515448115483785,51.70519193911356,3941000.0
2013-12-10,54.72,54.78,53.665,54.06,3160200.0,0.0,1.0,51.913910145106314,51.970833292195245,50.91301147545925,51.287755527128056,3160200.0
2013-12-11,53.86,54.14,53.63,53.73,2138500.0,0.0,1.0,51.09801170349828,51.36365305657996,50.87980630632404,50.974678218138926,2138500.0
2013-12-12,53.63,53.69,52.67,52.93,3206200.0,0.0,1.0,50.87980630632404,50.93672945341297,49.96903595290112,50.21570292361983,3206200.0
2013-12-13,53.25,53.27,52.465,52.61,3145200.0,0.0,1.0,50.51929304142747,50.53826742379045,49.77454853368061,49.91211280581219,3145200.0
2013-12-16,52.72,53.3,52.6,52.84,2000100.0,0.0,1.0,50.01647190880857,50.56672899733491,49.9026256146307,50.13031820298644,2000100.0
2013-12-17,52.7,52.75,52.3,52.435,2791800.0,0.0,1.0,49.99749752644559,50.04493348235303,49.61800987918604,49.74608696013614,2791800.0
2013-12-18,53.22,53.415,52.41,53.34,4538600.0,0.0,1.0,50.490831467883005,50.675831695922035,49.72236898218242,50.604677762060874,4538600.0
2013-12-19,53.42,53.5,52.91,53.18,4173500.0,0.0,1.0,50.68057529151278,50.75647282096469,50.19672854125685,50.45288270315705,4173500.0
2013-12-20,53.29,54.05,53.2,54.0,5544200.0,0.0,1.0,50.55724180615342,51.278268335946564,50.47185708552003,51.230832380039125,5544200.0
2013-12-23,53.65,54.0,53.5101,53.95,2257000.0,0.0,1.0,50.89878068868702,51.230832380039125,50.76605488405799,51.183396424131686,2257000.0
2013-12-24,53.33,53.49,53.06,53.32,1103100.0,0.525,1.0,51.09336152079895,51.246651185965426,50.83468521083054,51.08378091672605,1103100.0
2013-12-26,53.34,53.71,53.2209,53.63,1399800.0,0.0,1.0,51.102942124871866,51.45742447556932,50.98883713036357,51.38077964298609,1399800.0
2013-12-27,53.79,53.94,53.56,53.705,1490400.0,0.0,1.0,51.53406930815255,51.67777836924612,51.31371541447576,51.452634173532864,1490400.0
2013-12-30,53.67,54.12,53.6,53.94,1629100.0,0.0,1.0,51.419102059277705,51.8502292425584,51.35203783076737,51.67777836924612,1629100.0
2013-12-31,53.91,54.21,53.72,53.91,1720000.0,0.0,1.0,51.64903655702741,51.93645467921454,51.46700507964223,51.64903655702741,1720000.0
2014-01-02,53.8,53.89,53.43,53.73,1770300.0,0.0,1.0,51.543649912225455,51.6298753488816,51.189167561528,51.47658568371513,1770300.0
2014-01-03,53.7,53.99,53.38,53.45,2055900.0,0.0,1.0,51.44784387149642,51.72568138961064,51.14126454116348,51.20832876967381,2055900.0
2014-01-06,53.94,53.94,53.11,53.43,2386600.0,0.0,1.0,51.67777836924612,51.67777836924612,50.88258823119506,51.189167561528,2386600.0
2014-01-07,53.37,54.16,53.32,53.93,3334100.0,0.0,1.0,51.13168393709057,51.88855165885001,51.08378091672605,51.66819776517322,3334100.0
2014-01-08,54.32,54.48,52.81,53.25,5406700.0,0.0,1.0,52.04184132401649,52.19513098918296,50.59517010900793,51.01671668821572,5406700.0
2014-01-09,53.47,53.72,52.87,53.32,3363100.0,0.0,1.0,51.227489977819616,51.46700507964223,50.652653733445355,51.08378091672605,3363100.0
2014-01-10,53.41,53.82,53.12,53.8,2429200.0,0.0,1.0,51.170006353382185,51.56281112037127,50.89216883526796,51.543649912225455,2429200.0
2014-01-13,53.65,54.06,53.21,53.49,3619200.0,0.0,1.0,51.399940851131895,51.792745618120975,50.9783942719241,51.246651185965426,3619200.0
2014-01-14,53.66,54.71,53.5112,54.42,4294500.0,0.0,1.0,51.409521455204796,52.41548488285976,51.26696206659999,52.13764736474553,4294500.0
2014-01-15,54.48,54.68,54.0,54.51,2612400.0,0.0,1.0,52.19513098918296,52.386743070641046,51.73526199368355,52.22387280140167,2612400.0
2014-01-16,54.34,54.8538,54.11,54.69,2365500.0,0.0,1.0,52.0610025321623,52.55325396942812,51.8406486384855,52.39632367471395,2365500.0
2014-01-17,54.53,55.11,54.4,54.76,4169400.0,0.0,1.0,52.24303400954748,52.79870904577593,52.11848615659972,52.46338790322428,4169400.0
2014-01-21,55.2,55.2,54.05,54.24,3443400.0,0.0,1.0,52.88493448243207,52.88493448243207,51.783165014048066,51.965196491433254,3443400.0
2014-01-22,54.43,54.52,54.04,54.4,2794700.0,0.0,1.0,52.147227968818434,52.23345340547458,51.773584409975165,52.11848615659972,2794700.0
2014-01-23,54.14,54.25,53.31,53.49,3474100.0,0.0,1.0,51.86939045070421,51.974777095506155,51.07420031265315,51.246651185965426,3474100.0
2014-01-24,53.17,53.56,52.67,52.89,3286800.0,0.0,1.0,50.94007185563249,51.31371541447576,50.461041651987266,50.671814941591165,3286800.0
2014-01-27,53.04,53.212,52.73,52.84,3082900.0,0.0,1.0,50.815524002684725,50.98031039273869,50.51852527642469,50.62391192122664,3082900.0
2014-01-28,52.96,53.1,52.58,52.875,2216300.0,0.0,1.0,50.7388791701015,50.873007627122156,50.37481621533113,50.65744403548181,2216300.0
2014-01-29,52.55,52.88,52.06,52.19,2954000.0,0.0,1.0,50.34607440311241,50.662234337518264,49.8766248035401,50.00117265648785,2954000.0
2014-01-30,52.59,52.81,52.21,52.68,2982700.0,0.0,1.0,50.38439681940404,50.59517010900793,50.02033386463367,50.470622256060174,2982700.0
2014-01-31,52.01,52.6,51.99,52.35,3247600.0,0.0,1.0,49.82872178317558,50.39397742347694,49.80956057502977,50.15446232165433,3247600.0
2014-02-03,52.86,52.91,51.07,51.12,4699600.0,0.0,1.0,50.64307312937245,50.69097614973697,48.92814500032257,48.97604802068709,4699600.0
2014-02-04,51.24,51.46,50.59,51.06,3743100.0,0.0,1.0,49.09101526956194,49.30178855916584,48.46827600482317,48.91856439624967,3743100.0
2014-02-05,51.0,51.32,50.54,51.12,3396300.0,0.0,1.0,48.86108077181224,49.16766010214518,48.42037298445864,48.97604802068709,3396300.0
2014-02-06,51.38,51.71,51.25,51.65,2764700.0,0.0,1.0,49.22514372658261,49.54130366098845,49.10059587363485,49.48382003655102,2764700.0
2014-02-07,52.11,52.42,51.91,52.3,3058800.0,0.0,1.0,49.924527823904626,50.22152655016466,49.73291574244654,50.106559301289806,3058800.0
2014-02-10,52.35,53.29,52.11,53.19,3443500.0,0.0,1.0,50.15446232165433,51.05503910450734,49.924527823904626,50.95923306377829,3443500.0
2014-02-11,53.1,53.4,52.905,53.17,3885100.0,0.0,1.0,50.873007627122156,51.16042574930928,50.68618584770052,50.94007185563249,3885100.0
2014-02-12,53.45,53.62,53.08,53.42,3279800.0,0.0,1.0,51.20832876967381,51.37119903891318,50.853846418976346,51.17958695745509,3279800.0
2014-02-13,53.07,53.75,53.07,53.605,3388800.0,0.0,1.0,50.844265814903444,51.49574689186094,50.844265814903444,51.35682813280382,3388800.0
2014-02-14,54.85,55.0,52.56,53.76,8027200.0,0.0,1.0,52.549613339880416,52.69332240097398,50.35565500718532,51.50532749593384,8027200.0
2014-02-18,53.89,54.47,53.7,54.33,3582500.0,0.0,1.0,51.6298753488816,52.18555038511005,51.44784387149642,52.05142192808939,3582500.0
2014-02-19,54.0,54.69,53.99,54.56,3309500.0,0.0,1.0,51.73526199368355,52.39632367471395,51.72568138961064,52.27177582176619,3309500.0
2014-02-20,54.53,55.6,54.53,55.2,4253900.0,0.0,1.0,52.24303400954748,53.268158645348244,52.24303400954748,52.88493448243207,4253900.0
2014-02-21,54.97,55.57,54.75,55.09,3584200.0,0.0,1.0,52.66458058875527,53.23941683312953,52.45380729915137,52.779547837630126,3584200.0
2014-02-24,55.0,55.63,55.0,55.12,2891800.0,0.0,1.0,52.69332240097398,53.29690045756696,52.69332240097398,52.80828964984883,2891800.0
2014-02-25,55.04,55.75,55.04,55.49,2619600.0,0.0,1.0,52.731644817265604,53.41186770644181,52.731644817265604,53.1627720005463,2619600.0
2014-02-26,55.69,55.7,54.54,54.88,3626300.0,0.0,1.0,53.35438408200438,53.36396468607729,52.25261461362038,52.578355152099135,3626300.0
2014-02-27,54.76,55.18,54.53,55.17,4120200.0,0.0,1.0,52.46338790322428,52.86577327428626,52.24303400954748,52.85619267021336,4120200.0
2014-02-28,55.28,55.59,54.96,55.27,2930500.0,0.0,1.0,52.96157931501531,53.25857804127534,52.65499998468237,52.951998710942405,2930500.0
2014-03-03,54.88,55.2,54.48,55.1,2288400.0,0.0,1.0,52.578355152099135,52.88493448243207,52.19513098918296,52.78912844170303,2288400.0
2014-03-04,55.55,56.0187,55.41,55.8,2628100.0,0.0,1.0,53.22025562498372,53.669298537880756,53.086127167963056,53.45977072680633,2628100.0
2014-03-05,55.52,55.67,55.32,55.63,2629900.0,0.0,1.0,53.19151381276502,53.33522287385858,52.99990173130692,53.29690045756696,2629900.0
2014-03-06,55.8,55.8,55.54,55.62,1537100.0,0.0,1.0,53.45977072680633,53.45977072680633,53.21067502091082,53.287319853494054,1537100.0
2014-03-07,55.97,55.99,55.2,55.65,1864600.0,0.0,1.0,53.6226409960457,53.64180220419152,52.88493448243207,53.316061665712766,1864600.0
2014-03-10,55.69,56.04,55.46,55.52,2082300.0,0.0,1.0,53.35438408200438,53.689705224556036,53.134030188327586,53.19151381276502,2082300.0
2014-03-11,55.54,55.76,55.19,55.42,2213000.0,0.0,1.0,53.21067502091082,53.42144831051471,52.875353878359164,53.095707772035965,2213000.0
2014-03-12,55.0,55.72,55.0,55.72,2482000.0,0.0,1.0,52.69332240097398,53.3831258942231,52.69332240097398,53.3831258942231,2482000.0
2014-03-13,55.26,56.1,55.14,55.67,2033600.0,0.0,1.0,52.942418106869496,53.74718884899347,52.82745085799465,53.33522287385858,2033600.0
2014-03-14,55.34,55.75,55.25,55.47,2922200.0,0.0,1.0,53.01906293945274,53.41186770644181,52.932837502796595,53.14361079240049,2922200.0
2014-03-17,55.89,56.0,55.52,55.92,2323600.0,0.0,1.0,53.54599616346247,53.65138280826442,53.19151381276502,53.57473797568119,2323600.0
2014-03-18,56.0,56.37,55.68,56.21,1880000.0,0.0,1.0,53.65138280826442,54.00586515896188,53.34480347793148,53.85257549379541,1880000.0
2014-03-19,56.34,56.3496,55.45,55.77,2015400.0,0.0,1.0,53.97712334674317,53.98632072665316,53.124449584254684,53.43102891458762,2015400.0
2014-03-20,55.59,56.05,55.45,56.03,1525600.0,0.0,1.0,53.25857804127534,53.69928582862894,53.124449584254684,53.680124620483134,1525600.0
2014-03-21,56.56,56.56,55.35,55.37,3794000.0,0.0,1.0,54.18789663634707,54.18789663634707,53.02864354352564,53.04780475167144,3794000.0
2014-03-24,55.69,55.91,55.04,55.44,2402100.0,0.0,1.0,53.35438408200438,53.56515737160828,52.731644817265604,53.114868980181775,2402100.0
2014-03-25,55.57,55.865,55.48,55.76,1835500.0,0.0,1.0,53.23941683312953,53.52204465328021,53.15319139647339,53.42144831051471,1835500.0
2014-03-26,56.0,56.3,55.83,55.9,2641000.0,0.0,1.0,53.65138280826442,53.93880093045155,53.488512539025045,53.55557676753538,2641000.0
2014-03-27,55.74,55.89,55.41,55.54,2127500.0,0.0,1.0,53.40228710236891,53.54599616346247,53.086127167963056,53.21067502091082,2127500.0
2014-03-28,55.73,56.0,55.43,55.7,2031100.0,0.0,1.0,53.392706498296,53.65138280826442,53.105288376108874,53.36396468607729,2031100.0
2014-03-31,55.85,56.49,55.73,56.1,2503900.0,0.0,1.0,53.507673747170855,54.12083240783674,53.392706498296,53.74718884899347,2503900.0
2014-04-01,56.16,56.24,55.77,56.11,2898700.0,0.0,1.0,53.804672473430884,53.881317306014125,53.43102891458762,53.75676945306637,2898700.0
2014-04-02,55.98,56.76,55.75,56.65,2985000.0,0.0,1.0,53.632221600118605,54.37950871780515,53.41186770644181,54.2741220730032,2985000.0
2014-04-03,56.75,57.38,56.59,57.315,3259700.0,0.0,1.0,54.36992811373225,54.97350617032522,54.21663844856578,54.911232243851344,3259700.0
2014-04-04,57.7,57.76,56.79,56.8,4340800.0,0.0,1.0,55.28008550065817,55.337569125095584,54.408250530023864,54.417831134096765,4340800.0
2014-04-07,56.8,57.97,56.54,57.59,4465000.0,0.0,1.0,54.417831134096765,55.538761810626575,54.16873542820125,55.174698855856214,4465000.0
2014-04-08,57.68,57.95,57.12,57.44,3866500.0,0.0,1.0,55.26092429251235,55.51960060248077,54.7244104644297,55.03098979476265,3866500.0
2014-04-09,57.03,57.08,56.12,56.21,4413400.0,0.525,1.0,55.14850431508154,55.19685474846317,54.26852642753596,54.35555720762289,4413400.0
2014-04-10,56.37,57.0701,55.85,55.89,2973800.0,0.0,1.0,54.51027859444409,55.1872813626536,54.00743408727519,54.04611443398049,2973800.0
2014-04-11,56.32,56.32,55.47,55.64,2618100.0,0.0,1.0,54.46192816106247,54.46192816106247,53.63997079357484,53.804362267072364,2618100.0
2014-04-14,56.09,56.3566,55.66,56.21,2467500.0,0.0,1.0,54.23951616750699,54.49732067829782,53.82370244042501,54.35555720762289,2467500.0
2014-04-15,56.42,56.56,55.93,56.14,2434800.0,0.0,1.0,54.55862902782572,54.694010241294265,54.08479478068579,54.28786660088861,2434800.0
2014-04-16,56.47,56.73,56.15,56.73,2259700.0,0.0,1.0,54.60697946120734,54.85840171479179,54.297536687564936,54.85840171479179,2259700.0
2014-04-17,56.43,57.15,56.25,56.91,2504900.0,0.0,1.0,54.56829911450204,55.26454535519744,54.39423755432819,55.032463274965636,2504900.0
2014-04-21,56.99,57.07,56.665,56.93,1692000.0,0.0,1.0,55.10982396837624,55.187184661786844,54.795546151395676,55.05180344831829,1692000.0
2014-04-22,56.96,57.01,56.03,56.34,3135700.0,0.0,1.0,55.080813708347264,55.129164141728886,54.18149564744904,54.48126833441512,3135700.0
2014-04-23,56.3,57.12,56.13,56.93,2328100.0,0.0,1.0,54.442587987709814,55.235535095168466,54.27819651421229,55.05180344831829,2328100.0
2014-04-24,57.08,57.13,56.53,56.83,2150500.0,0.0,1.0,55.19685474846317,55.245205181844796,54.66499998126529,54.95510258155504,2150500.0
2014-04-25,56.88,56.94,56.5,56.66,1791700.0,0.0,1.0,55.00345301493667,55.06147353499461,54.635989721236314,54.790711108057515,1791700.0
2014-04-28,57.0,57.28,56.65,57.13,2837400.0,0.0,1.0,55.11949405505256,55.39025648198967,54.78104102138119,55.245205181844796,2837400.0
2014-04-29,57.39,57.39,56.655,56.67,2546400.0,0.0,1.0,55.49662743542924,55.49662743542924,54.78587606471935,54.800381194733845,2546400.0
2014-04-30,56.67,56.95,56.56,56.86,2526500.0,0.0,1.0,54.800381194733845,55.07114362167094,54.694010241294265,54.984112841584015,2526500.0
2014-05-01,56.9,56.93,56.35,56.69,2673300.0,0.0,1.0,55.02279318828931,55.05180344831829,54.49093842109144,54.81972136808649,2673300.0
2014-05-02,57.12,57.18,55.91,56.2,3393800.0,0.0,1.0,55.235535095168466,55.29355561522642,54.06545460733314,54.345887120946564,3393800.0
2014-05-05,56.11,56.32,55.71,56.26,2351200.0,0.0,1.0,54.25885634085964,54.46192816106247,53.87205287380664,54.403907641004515,2351200.0
2014-05-06,55.87,56.43,55.86,56.06,2051000.0,0.0,1.0,54.02677426062784,54.56829911450204,54.017104173951516,54.210505907478016,2051000.0
2014-05-07,56.32,56.96,56.07,56.7,2477000.0,0.0,1.0,54.46192816106247,55.080813708347264,54.22017599415434,54.82939145476282,2477000.0
2014-05-08,56.97,57.09,56.31,56.6,1729000.0,0.0,1.0,55.09048379502359,55.2065248351395,54.452258074386144,54.73269058799956,1729000.0
2014-05-09,56.67,57.24,56.595,57.24,2200300.0,0.0,1.0,54.800381194733845,55.35157613528437,54.7278555446614,55.35157613528437,2200300.0
2014-05-12,57.3,57.69,57.2,57.42,2190700.0,0.0,1.0,55.40959665534231,55.78673003571899,55.31289578857907,55.525637695458215,2190700.0
2014-05-13,57.37,57.84,57.3575,57.65,1864900.0,0.0,1.0,55.47728726207659,55.93178133586387,55.46519965373118,55.74804968901369,1864900.0
2014-05-14,57.59,57.75,57.32,57.51,1719900.0,0.0,1.0,55.690029168955746,55.84475055577694,55.428936828694965,55.61266847554514,1719900.0
2014-05-15,57.48,57.54,56.845,57.0,2480600.0,0.0,1.0,55.58365821551617,55.64167873557412,54.96960771156953,55.11949405505256,2480600.0
2014-05-16,57.06,57.65,56.81,57.58,2335000.0,0.0,1.0,55.17751457511052,55.74804968901369,54.93576240820239,55.680359082279416,2335000.0
2014-05-19,57.33,57.6,57.17,57.51,2066800.0,0.0,1.0,55.43860691537129,55.69969925563207,55.283885528550094,55.61266847554514,2066800.0
2014-05-20,57.18,57.62,57.17,57.36,1700000.0,0.0,1.0,55.29355561522642,55.719039428984715,55.283885528550094,55.467617175400264,1700000.0
2014-05-21,57.25,57.74,57.17,57.71,1718600.0,0.0,1.0,55.36124622196069,55.83508046910062,55.283885528550094,55.80607020907164,1718600.0
2014-05-22,57.62,57.95,57.355,57.83,1729000.0,0.0,1.0,55.719039428984715,56.03815228930345,55.4627821320621,55.92211124918754,1729000.0
2014-05-23,58.0,58.43,57.83,58.15,1889900.0,0.0,1.0,56.08650272268507,56.502316449767044,55.92211124918754,56.23155402282994,1889900.0
2014-05-27,58.04,58.235,57.97,58.21,1827500.0,0.0,1.0,56.12518306939037,56.313749759578705,56.05749246265609,56.28957454288789,1827500.0
2014-05-28,58.04,58.505,58.0,58.33,1636700.0,0.0,1.0,56.12518306939037,56.57484209983948,56.08650272268507,56.405615583003794,1636700.0
2014-05-29,58.63,59.04,58.37,59.03,1699300.0,0.0,1.0,56.69571818329354,57.092191737022866,56.44429592970909,57.08252165034654,1699300.0
2014-05-30,59.23,59.56,58.71,59.46,2757500.0,0.0,1.0,57.27592338387304,57.59503624419177,56.77307887670414,57.49833537742852,2757500.0
2014-06-02,59.23,59.33,58.77,58.97,2204800.0,0.0,1.0,57.27592338387304,57.37262425063629,56.8310993967621,57.02450113028859,2204800.0
2014-06-03,58.95,59.11,58.35,58.51,3527400.0,0.0,1.0,57.005160956935946,57.15988234375714,56.42495575635645,56.57967714317764,3527400.0
2014-06-04,58.43,58.89,58.3,58.81,1852100.0,0.0,1.0,56.502316449767044,56.947140436877994,56.37660532297481,56.8697797434674,1852100.0
2014-06-05,58.96,59.14,58.57,58.96,1537900.0,0.0,1.0,57.01483104361227,57.188892603786115,56.63769766323559,57.01483104361227,1537900.0
2014-06-06,59.74,59.8799,59.01,59.72,2900900.0,0.0,1.0,57.76909780436562,57.90438231696741,57.06318147699389,57.74975763101297,2900900.0
2014-06-09,60.0,60.52,59.74,60.43,3984000.0,0.0,1.0,58.020520057950066,58.523364565118975,57.76909780436562,58.43633378503205,3984000.0
2014-06-10,60.24,60.35,59.55,59.93,2276200.0,0.0,1.0,58.25260213818187,58.35897309162144,57.58536615751544,57.95282945121579,2276200.0
2014-06-11,59.82,59.97,59.24,59.49,2217500.0,0.0,1.0,57.84645849777622,57.99150979792109,57.28559347054937,57.52734563745749,2217500.0
2014-06-12,59.2,59.28,58.81,58.94,2391600.0,0.0,1.0,57.246913123844074,57.32427381725467,56.8697797434674,56.995490870259616,2391600.0
2014-06-13,59.04,59.235,58.65,59.01,2103900.0,0.0,1.0,57.092191737022866,57.280758427211204,56.71505835664619,57.06318147699389,2103900.0
2014-06-16,58.69,59.32,58.69,59.29,1621300.0,0.0,1.0,56.75373870335149,57.36295416395997,56.75373870335149,57.333943903930994,1621300.0
2014-06-17,59.2,59.5,59.15,59.35,1593000.0,0.0,1.0,57.246913123844074,57.537015724133816,57.19856269046244,57.391964423988945,1593000.0
2014-06-18,59.15,59.57,58.9,59.52,3091000.0,0.0,1.0,57.19856269046244,57.60470633086809,56.95681052355432,57.55635589748647,3091000.0
2014-06-19,59.63,60.19,59.52,60.05,2569500.0,0.0,1.0,57.66272685092605,58.20425170480024,57.55635589748647,58.068870491331694,2569500.0
2014-06-20,60.24,60.6,60.0,60.5,5785700.0,0.0,1.0,58.25260213818187,58.60072525852957,58.020520057950066,58.50402439176632,5785700.0
2014-06-23,60.21,60.35,59.62,59.75,2539600.0,0.0,1.0,58.223591878152895,58.35897309162144,57.65305676424972,57.778767891041944,2539600.0
2014-06-24,59.79,59.828,59.34,59.6,2050000.0,0.0,1.0,57.81744823774724,57.85419456711728,57.38229433731262,57.63371659089707,2050000.0
2014-06-25,59.47,59.47,58.9,59.32,2055200.0,0.0,1.0,57.50800546410484,57.50800546410484,56.95681052355432,57.36295416395997,2055200.0
2014-06-26,59.32,59.35,58.83,59.3,1601000.0,0.0,1.0,57.36295416395997,57.391964423988945,56.88911991682004,57.34361399060732,1601000.0
2014-06-27,59.18,59.67,59.06,59.66,1901100.0,0.0,1.0,57.22757295049142,57.70140719763135,57.11153191037552,57.69173711095502,1901100.0
2014-06-30,59.77,60.06,59.42,59.95,2388700.0,0.0,1.0,57.7981080643946,58.078540578008024,57.45965503072322,57.972169624568444,2388700.0
2014-07-01,60.06,60.5,59.81,60.33,2313000.0,0.0,1.0,58.078540578008024,58.50402439176632,57.836788411099896,58.33963291826879,2313000.0
2014-07-02,60.24,60.525,60.11,60.43,1702800.0,0.0,1.0,58.25260213818187,58.52819960845713,58.126891011389645,58.43633378503205,1702800.0
2014-07-03,60.59,60.72,60.44,60.63,1220200.0,0.0,1.0,58.59105517185325,58.71676629864547,58.44600387170837,58.62973551855855,1220200.0
2014-07-07,60.79,60.79,60.36,60.63,1754000.0,0.0,1.0,58.78445690537974,58.78445690537974,58.368643178297766,58.62973551855855,1754000.0
2014-07-08,60.6,61.1,60.355,60.66,3308500.0,0.0,1.0,58.60072525852957,59.08422959234582,58.363808134959605,58.658745778587516,3308500.0
2014-07-09,60.25,60.25,59.66,59.72,2445800.0,0.525,1.0,58.77445730386104,58.77445730386104,58.19890660163236,58.257437181520025,2445800.0
2014-07-10,59.94,59.94,59.37,59.45,2467300.0,0.0,1.0,58.47204930777479,58.47204930777479,57.91600879884199,57.994049572025546,2467300.0
2014-07-11,59.42,59.85,59.25,59.79,1846500.0,0.0,1.0,57.964784282081716,58.38425343794329,57.79894763906667,58.325722858055634,1846500.0
2014-07-14,60.11,60.48,60.01,60.24,2694000.0,0.0,1.0,58.63788595078983,58.99882452676375,58.54033498431039,58.764702207213105,2694000.0
2014-07-15,60.3,60.34,59.71,59.79,1720300.0,0.0,1.0,58.82323278710076,58.862253173692544,58.24768208487208,58.325722858055634,1720300.0
2014-07-16,59.95,60.0799,59.6275,59.99,1720700.0,0.0,1.0,58.48180440442273,58.60852310987952,58.16720253752654,58.52082479101451,1720700.0
2014-07-17,59.68,59.71,59.13,59.16,1761600.0,0.0,1.0,58.21841679492825,58.24768208487208,57.68188647929135,57.71115176923517,1761600.0
2014-07-18,59.52,59.83,59.21,59.79,2367700.0,0.0,1.0,58.062335248561155,58.36474324464741,57.759927252474895,58.325722858055634,2367700.0
2014-07-21,59.76,59.85,59.31,59.52,1847800.0,0.0,1.0,58.2964575681118,58.38425343794329,57.857478218954334,58.062335248561155,1847800.0
2014-07-22,59.72,60.0,59.7,59.83,1800900.0,0.0,1.0,58.257437181520025,58.53057988766245,58.23792698822414,58.36474324464741,1800900.0
2014-07-23,59.86,59.88,58.06,58.3,5193300.0,0.0,1.0,58.39400853459124,58.41351872788713,56.63809113796137,56.87221345751201,5193300.0
2014-07-24,58.65,58.75,58.07,58.33,3739200.0,0.0,1.0,57.21364184019004,57.31119280666948,56.64784623460931,56.90147874745585,3739200.0
2014-07-25,58.47,58.5,58.17,58.3,2011100.0,0.0,1.0,57.03805010052706,57.06731539047089,56.74539720108875,56.87221345751201,2011100.0
2014-07-28,58.47,58.581,58.07,58.2,1738300.0,0.0,1.0,57.03805010052706,57.14633167331924,56.64784623460931,56.77466249103258,1738300.0
2014-07-29,57.89,58.47,57.75,57.76,2958700.0,0.0,1.0,56.47225449494632,57.03805010052706,56.33568314187511,56.34543823852305,2958700.0
2014-07-30,58.39,58.39,57.07,57.24,3147600.0,0.0,1.0,56.960009327343506,56.960009327343506,55.67233656981494,55.83817321282998,3147600.0
2014-07-31,55.78,55.97,53.34,53.585,10523400.0,0.0,1.0,54.41392910223019,54.59927593854112,52.033685520131925,52.27268538800654,10523400.0
2014-08-01,53.6,54.79,53.33,54.72,5522900.0,0.0,1.0,52.287318032978455,53.44817453408376,52.023930423483975,53.37988885754815,5522900.0
2014-08-04,54.7,55.0,54.47,54.65,3168900.0,0.0,1.0,53.36037866425227,53.65303156369058,53.13601144134956,53.31160318101255,3168900.0
2014-08-05,54.51,54.9,53.959,54.21,3287300.0,0.0,1.0,53.17503182794133,53.555480597211144,52.63752600263964,52.88237892850302,3287300.0
2014-08-06,54.04,55.61,53.86,55.37,5477300.0,0.0,1.0,52.71654228548798,54.248092459215144,52.54095054582499,54.013970139664494,5477300.0
2014-08-07,55.69,55.69,54.64,54.68,3590300.0,0.0,1.0,54.326133232398696,54.326133232398696,53.30184808436461,53.34086847095638,3590300.0
2014-08-08,54.81,55.61,54.79,55.55,2534700.0,0.0,1.0,53.46768472737965,54.248092459215144,53.44817453408376,54.189561879327485,2534700.0
2014-08-11,55.79,56.28,55.68,56.02,2431300.0,0.0,1.0,54.423684198878135,54.90168393462738,54.31637813575075,54.64805142178084,2431300.0
2014-08-12,56.01,56.23,55.825,56.1,1834200.0,0.0,1.0,54.6382963251329,54.852908451387655,54.45782703714594,54.726092194964394,1834200.0
2014-08-13,56.17,56.76,56.13,56.66,2710400.0,0.0,1.0,54.7943778715,55.36992857372868,54.755357484908224,55.27237760724924,2710400.0
2014-08-14,56.68,56.93,56.62,56.91,1407500.0,0.0,1.0,55.291887800545126,55.53576521674372,55.23335722065746,55.51625502344783,1407500.0
2014-08-15,57.38,57.41,56.585,56.75,3153800.0,0.0,1.0,55.97474456590119,56.00400985584502,55.19921438238966,55.360173477080735,3153800.0
2014-08-18,56.92,57.33,56.88,57.25,2170400.0,0.0,1.0,55.526010120095776,55.92596908266147,55.486989733504004,55.84792830947792,2170400.0
2014-08-19,57.29,57.4,57.02,57.28,1339300.0,0.0,1.0,55.886948696069695,55.99425475919708,55.623561086575215,55.87719359942175,1339300.0
2014-08-20,57.54,57.59,57.0,57.08,1863900.0,0.0,1.0,56.13082611226829,56.17960159550801,55.60405089327933,55.682091666462874,1863900.0
2014-08-21,57.08,57.61,57.07,57.26,1535100.0,0.0,1.0,55.682091666462874,56.1991117888039,55.67233656981494,55.857683406125865,1535100.0
2014-08-22,57.44,57.54,57.065,57.22,1625700.0,0.0,1.0,56.03327514578885,56.13082611226829,55.66745902149096,55.81866301953409,1625700.0
2014-08-25,57.54,58.12,57.31,58.09,2470800.0,0.0,1.0,56.13082611226829,56.69662171784903,55.90645888936559,56.6673564279052,2470800.0
2014-08-26,57.9,58.52,57.9,58.45,2505400.0,0.0,1.0,56.48200959159426,57.08682558376678,56.48200959159426,57.01853990723117,2505400.0
2014-08-27,58.51,58.72,58.15,58.41,1643700.0,0.0,1.0,57.07707048711883,57.28192751672565,56.725887007792856,56.97951952063939,1643700.0
2014-08-28,58.25,58.52,58.21,58.48,1409200.0,0.0,1.0,56.823437974272295,57.08682558376678,56.78441758768052,57.047805197175,1409200.0
2014-08-29,58.64,58.92,58.43,58.9,1813100.0,0.0,1.0,57.2038867435421,57.47702944968453,56.999029713935286,57.457519256388636,1813100.0
2014-09-02,58.87,59.0,58.26,58.55,2274300.0,0.0,1.0,57.42825396644481,57.555070222868075,56.83319307092024,57.116090873710604,2274300.0
2014-09-03,58.84,58.86,58.32,58.6,1384500.0,0.0,1.0,57.39898867650098,57.41849886979686,56.891723650807904,57.16486635695033,1384500.0
2014-09-04,58.8,58.9,58.35,58.42,1751000.0,0.0,1.0,57.3599682899092,57.457519256388636,56.920988940751734,56.98927461728734,1751000.0
2014-09-05,58.55,58.83,58.335,58.82,1569400.0,0.0,1.0,57.116090873710604,57.389233579853034,56.906356295779815,57.37947848320509,1569400.0
2014-09-08,58.55,58.72,58.12,58.21,1943400.0,0.0,1.0,57.116090873710604,57.28192751672565,56.69662171784903,56.78441758768052,1943400.0
2014-09-09,58.06,58.26,57.835,58.09,2096700.0,0.0,1.0,56.63809113796137,56.83319307092024,56.41860146338263,56.6673564279052,2096700.0
2014-09-10,58.24,58.3,57.88,58.16,1401800.0,0.0,1.0,56.81368287762435,56.87221345751201,56.46249939829838,56.7356421044408,1401800.0
2014-09-11,57.83,58.41,57.72,58.4,1497800.0,0.0,1.0,56.413723915058654,56.97951952063939,56.30641785193128,56.96976442399145,1497800.0
2014-09-12,58.05,58.36,57.47,57.72,3332900.0,0.0,1.0,56.62833604131342,56.93074403739968,56.062540435732686,56.30641785193128,3332900.0
2014-09-15,57.97,58.16,57.69,57.87,1637400.0,0.0,1.0,56.55029526812987,56.7356421044408,56.27715256198744,56.452744301650434,1637400.0
2014-09-16,57.94,58.53,57.91,58.35,2042500.0,0.0,1.0,56.521029978186036,57.096580680414725,56.491764688242206,56.920988940751734,2042500.0
2014-09-17,58.18,58.2525,57.27,57.32,3484600.0,0.0,1.0,56.755152297736686,56.82587674843428,55.867438502773815,55.91621398601353,3484600.0
2014-09-18,57.38,57.52,57.27,57.44,2714500.0,0.0,1.0,55.97474456590119,56.11131591897241,55.867438502773815,56.03327514578885,2714500.0
2014-09-19,57.36,57.47,56.88,56.91,5174900.0,0.0,1.0,55.955234372605304,56.062540435732686,55.486989733504004,55.51625502344783,5174900.0
2014-09-22,56.88,56.95,56.5,56.69,3156900.0,0.0,1.0,55.486989733504004,55.55527541003961,55.11629606088214,55.30164289719307,3156900.0
2014-09-23,56.53,56.66,56.03,56.05,2446500.0,0.0,1.0,55.14556135082597,55.27237760724924,54.657806518428785,54.67731671172467,2446500.0
2014-09-24,56.02,56.85,55.95,56.81,2304982.0,0.0,1.0,54.64805142178084,55.457724443560174,54.57976574524524,55.4187040569684,2304982.0
2014-09-25,56.64,56.77,56.08,56.21,3250986.0,0.0,1.0,55.25286741395335,55.37968367037662,54.7065820016685,54.833398258091776,3250986.0
2014-09-26,56.09,56.53,55.82,56.37,2054717.0,0.0,1.0,54.71633709831645,55.14556135082597,54.452949488821965,54.98947980445887,2054717.0
2014-09-29,56.04,56.47,55.97,56.29,1973791.0,0.0,1.0,54.66756161507673,55.087030770938306,54.59927593854112,54.91143903127532,1973791.0
2014-09-30,56.49,56.8,56.24,56.4,2811524.0,0.0,1.0,55.1065409642342,55.40894896032045,54.862663548035606,55.0187450944027,2811524.0
2014-10-01,56.42,56.44,55.82,55.83,2391358.0,0.0,1.0,55.03825528769859,55.057765480994476,54.452949488821965,54.46270458546991,2391358.0
2014-10-02,55.95,56.2,55.55,55.83,1924678.0,0.0,1.0,54.57976574524524,54.82364316144383,54.189561879327485,54.46270458546991,1924678.0
2014-10-03,55.93,56.48,55.78,56.3,2440367.0,0.0,1.0,54.560255551949346,55.09678586758625,54.41392910223019,54.921194127923265,2440367.0
2014-10-06,56.43,56.6,55.79,56.305,2154370.0,0.0,1.0,55.04801038434653,55.21384702736158,54.423684198878135,54.92607167624724,2154370.0
2014-10-07,56.15,56.29,55.56,55.565,2368055.0,0.0,1.0,54.77486767820411,54.91143903127532,54.19931697597543,54.204194524299396,2368055.0
2014-10-08,55.74,56.66,55.61,56.6,3647929.0,0.0,1.0,54.37490871563842,55.27237760724924,54.248092459215144,55.21384702736158,3647929.0
2014-10-09,56.5,56.8701,56.165,56.23,4524145.0,0.0,1.0,55.11629606088214,55.47733218782254,54.78950032317602,54.852908451387655,4524145.0
2014-10-10,56.08,56.71,55.87,55.87,3265062.0,0.0,1.0,54.7065820016685,55.32115309048896,54.50172497206168,54.50172497206168,3265062.0
2014-10-13,55.85,56.15,55.38,55.4,3297766.0,0.0,1.0,54.4822147787658,54.77486767820411,54.023725236312444,54.04323542960833,3297766.0
2014-10-14,55.7,56.43,55.6,56.04,3508863.0,0.0,1.0,54.33588832904665,55.04801038434653,54.23833736256721,54.66756161507673,3508863.0
2014-10-15,54.89,55.1775,54.0,54.53,5723064.0,0.55,1.0,54.08579791987935,54.36908571186269,53.20883745078311,53.73107233687413,5723064.0
2014-10-16,54.01,54.66,53.63,54.39,4365063.0,0.0,1.0,53.21869093919992,53.85916768629267,52.84425837936108,53.59312349903876,4365063.0
2014-10-17,54.84,55.17,54.35,54.99,4288450.0,0.0,1.0,54.036530477795296,54.361695595550074,53.55370954537152,54.184332804047465,4288450.0
2014-10-20,54.95,55.94,54.92,55.88,2399818.0,0.0,1.0,54.14491885038022,55.12041420364457,54.11535838512978,55.061293273143704,2399818.0
2014-10-21,55.96,56.5,55.65,56.44,2119013.0,0.0,1.0,55.1401211804782,55.672209554986026,54.834663039557036,55.61308862448516,2119013.0
2014-10-22,56.74,56.78,56.42,56.56,3032035.0,0.0,1.0,55.90869327698951,55.94810723065676,55.59338164765154,55.7313304854869,3032035.0
2014-10-23,56.66,56.88,56.39,56.54,2993823.0,0.0,1.0,55.82986536965501,56.04664211482488,55.5638211824011,55.711623508653275,2993823.0
2014-10-24,56.47,56.87,56.13,56.83,2816780.0,0.0,1.0,55.64264908973559,56.03678862640806,55.307630483564,55.99737467274081,2816780.0
2014-10-27,56.77,57.2,56.65,56.92,1704105.0,0.0,1.0,55.93825374223995,56.36195374416285,55.8200118812382,56.08605606849212,1704105.0
2014-10-28,57.12,57.405,56.78,57.25,2818699.0,0.0,1.0,56.283125836828354,56.563950256707486,55.94810723065676,56.411221186246905,2818699.0
2014-10-29,57.32,57.39,56.38,56.91,3750547.0,0.0,1.0,56.48019560516459,56.54917002408227,55.55396769398429,56.076202580075304,3750547.0
2014-10-30,55.23,56.24,55.14,56.16,5391944.0,0.0,1.0,54.42081652605094,55.41601885614892,54.33213513029964,55.33719094881443,5391944.0
2014-10-31,57.66,57.66,55.8,56.35,5608478.0,0.0,1.0,56.81521421133618,56.81521421133618,54.982465365809205,55.52440722873386,5608478.0
2014-11-03,56.33,56.88,56.27,56.79,3448934.0,0.0,1.0,55.50470025190023,56.04664211482488,55.445579321399364,55.95796071907357,3448934.0
2014-11-04,56.89,57.54,56.69,57.12,2828922.0,0.0,1.0,56.056495603241686,56.69697235033444,55.85942583490545,56.283125836828354,2828922.0
2014-11-05,57.65,57.86,57.32,57.66,2589997.0,0.0,1.0,56.805360722919374,57.01228397967242,56.48019560516459,56.81521421133618,2589997.0
2014-11-06,58.02,58.33,57.56,58.27,3174911.0,0.0,1.0,57.16993979434141,57.47539793526256,56.71667932716807,57.4162770047617,3174911.0
2014-11-07,58.46,58.46,57.02,57.87,2973369.0,0.0,1.0,57.60349328468112,57.60349328468112,56.18459095266024,57.02213746808923,2973369.0
2014-11-10,57.9,58.23,57.61,57.91,1870256.0,0.0,1.0,57.05169793333966,57.376863051094446,56.765946769252125,57.06155142175648,1870256.0
2014-11-11,57.84,58.05,57.62,57.88,1580064.0,0.0,1.0,56.9925770028388,57.19950025959184,56.775800257668934,57.03199095650604,1580064.0
2014-11-12,57.51,57.8247,57.1,57.46,2563685.0,0.0,1.0,56.66741188508401,56.97750116556107,56.26341885999473,56.61814444299995,2563685.0
2014-11-13,57.71,57.97,57.3969,57.63,1703409.0,0.0,1.0,56.86448165342024,57.120672352257344,56.55596893108987,56.78565374608575,1703409.0
2014-11-14,57.81,57.82,57.21,57.42,2009606.0,0.0,1.0,56.96301653758836,56.972870026005175,56.37180723257966,56.578730489332706,2009606.0
2014-11-17,57.43,58.0,57.43,57.985,1805860.0,0.0,1.0,56.588583977749515,57.150232817507785,56.588583977749515,57.135452584882565,1805860.0
2014-11-18,58.05,58.4,57.91,58.22,1918899.0,0.0,1.0,57.19950025959184,57.54437235418025,57.06155142175648,57.36700956267764,1918899.0
2014-11-19,58.24,58.405,57.95,58.37,1920002.0,0.0,1.0,57.38671653951126,57.54929909838866,57.100965375423726,57.51481188892981,1920002.0
2014-11-20,58.19,58.675,58.02,58.53,2342145.0,0.0,1.0,57.3374490974272,57.81534328564257,57.16993979434141,57.672467703598805,2342145.0
2014-11-21,59.2,59.64,59.0,59.22,5544189.0,0.0,1.0,58.332651427525185,58.7662049178649,58.13558165918895,58.3523584043588,5544189.0
2014-11-24,59.16,59.32,58.825,58.97,2182572.0,0.0,1.0,58.293237473857936,58.45089328852693,57.963145611894745,58.10602119393852,2182572.0
2014-11-25,58.9,59.14,58.66,58.94,1984721.0,0.0,1.0,58.03704677502083,58.27353049702432,57.80056305301735,58.076460728688076,1984721.0
2014-11-26,58.94,59.3,58.88,59.28,1279085.0,0.0,1.0,58.076460728688076,58.431186311693295,58.017339798187216,58.41147933485968,1279085.0
2014-11-28,59.65,60.24,59.45,60.17,1759216.0,0.0,1.0,58.776058406281706,59.3574142228736,58.57898863794548,59.28843980395592,1759216.0
2014-12-01,60.06,60.2,59.82,59.92,2593889.0,0.0,1.0,59.18005143137099,59.31800026920636,58.94356770936751,59.042102593535624,2593889.0
2014-12-02,59.97,60.13,59.753,60.1,2942559.0,0.0,1.0,59.09137003561968,59.249025850288675,58.87754933697487,59.21946538503824,2942559.0
2014-12-03,60.0,60.25,59.82,60.19,2257556.0,0.0,1.0,59.12093050087012,59.36726771129041,58.94356770936751,59.30814678078954,2257556.0
2014-12-04,59.91,60.04,59.5,59.7,2412826.0,0.0,1.0,59.03224910511881,59.160344454537366,58.62825608002954,58.82532584836577,2412826.0
2014-12-05,59.72,60.28,59.6,60.27,2369639.0,0.0,1.0,58.84503282519939,59.39682817654085,58.726790964197654,59.386974688124035,2369639.0
2014-12-08,60.01,60.685,60.01,60.33,3525752.0,0.0,1.0,59.130783989286925,59.795894457421724,59.130783989286925,59.4460956186249,3525752.0
2014-12-09,59.96,60.46,59.61,60.3,2574406.0,0.0,1.0,59.081516547202874,59.57419096804346,58.73664445261446,59.41653515337447,2574406.0
2014-12-10,60.0,60.45,59.5,59.58,2510031.0,0.0,1.0,59.12093050087012,59.56433747962665,58.62825608002954,58.70708398736403,2510031.0
2014-12-11,59.65,60.35,59.65,60.06,3504523.0,0.0,1.0,58.776058406281706,59.46580259545853,58.776058406281706,59.18005143137099,3504523.0
2014-12-12,59.6,60.1,59.2,59.22,2729928.0,0.0,1.0,58.726790964197654,59.21946538503824,58.332651427525185,58.3523584043588,2729928.0
2014-12-15,59.12,59.53,58.67,58.7,3385851.0,0.0,1.0,58.253823520190686,58.65781654527997,57.810416541434165,57.839977006684606,3385851.0
2014-12-16,58.78,60.24,58.77,58.83,3908624.0,0.0,1.0,57.91880491401909,59.3574142228736,57.90895142560228,57.96807235610315,3908624.0
2014-12-17,58.99,59.815,58.69,59.56,2345818.0,0.0,1.0,58.12572817077214,58.9386409651591,57.83012351826778,58.687377010530405,2345818.0
2014-12-18,60.56,63.38,60.44,63.38,8681498.0,0.0,1.0,59.67272585221158,62.45140958575247,59.55448399120983,62.45140958575247,8681498.0
2014-12-19,63.21,64.06,62.98,63.51,7251660.0,0.0,1.0,62.28390028266667,63.12144679809567,62.057270049079996,62.579504935171016,7251660.0
2014-12-22,63.3,64.33,63.25,64.31,2722541.0,0.0,1.0,62.37258167841797,63.38749098534958,62.323314236333914,63.36778400851596,2722541.0
2014-12-23,63.87,64.41,63.553,64.01,2262654.0,0.55,1.0,63.47498706848083,64.01164736309457,63.15994759923535,63.61412121893625,2262654.0
2014-12-24,63.89,64.47,63.86,63.9,937554.0,0.0,1.0,63.494863375688745,64.07127628471832,63.465048914876874,63.504801529292706,937554.0
2014-12-26,63.69,64.21,63.66,63.93,973285.0,0.0,1.0,63.29610030360958,63.8128842910154,63.26628584279771,63.53461599010458,973285.0
2014-12-29,63.78,64.02,63.51,63.815,1879427.0,0.0,1.0,63.38554368604521,63.624059372540195,63.11721353873833,63.42032722365906,1879427.0
2014-12-30,63.6,63.93,63.477,63.53,1166582.0,0.0,1.0,63.20665692117396,63.53461599010458,63.08441763184527,63.13708984594626,1166582.0
2014-12-31,63.55,63.76,62.61,62.66,1647500.0,0.0,1.0,63.156966153154166,63.36566737883729,62.2227797143821,62.272470482401886,1647500.0
2015-01-02,62.73,63.5,62.135,62.64,1833851.0,0.0,1.0,62.342037557629595,63.10727538513438,61.750717418194085,62.25259417519398,1833851.0
2015-01-05,62.53,63.03,61.7832,61.85,3022510.0,0.0,1.0,62.143274485550435,62.64018216574834,61.40109317440684,61.467480040481284,3022510.0
2015-01-06,62.22,62.93,61.6,61.86,3899614.0,0.0,1.0,61.835191723827734,62.54080062970876,61.219026200382324,61.47741819408524,3899614.0
2015-01-07,62.3,63.74,62.27,63.19,5360450.0,0.0,1.0,61.9146969526594,63.34579107162938,61.88488249184753,62.79919262341167,5360450.0
2015-01-08,63.67,64.25,63.3,63.99,3725276.0,0.0,1.0,63.27622399640167,63.85263690543124,62.90851231305521,63.59424491172833,3725276.0
2015-01-09,64.18,64.25,63.52,63.785,2653944.0,0.0,1.0,63.78306983020354,63.85263690543124,63.127151692342295,63.39051276284718,2653944.0
2015-01-12,63.7,63.88,63.37,63.54,2715006.0,0.0,1.0,63.306038457213546,63.48492522208479,62.97807938828292,63.14702799955021,2715006.0
2015-01-13,63.91,64.23,62.57,62.99,3058872.0,0.0,1.0,63.51473968289666,63.83276059822333,62.18302709996627,62.60042955133251,3058872.0
2015-01-14,62.71,63.2088,62.36,62.76,3146776.0,0.0,1.0,62.322161250421686,62.81787635218711,61.974325874283146,62.37185201844147,3146776.0
2015-01-15,64.17,66.27,63.56,65.685,8514532.0,0.0,1.0,63.773131676599576,65.86014393343079,63.16690430675813,65.27876194759924,8514532.0
2015-01-16,65.39,65.83,64.95,65.76,3566239.0,0.0,1.0,64.98558641628247,65.42286517485663,64.54830765770832,65.35329809962893,3566239.0
2015-01-20,65.8,66.23,64.87,65.93,2875575.0,0.0,1.0,65.39305071404475,65.82039131901496,64.46880242887666,65.52224671089623,2875575.0
2015-01-21,65.85,66.665,65.51,66.57,2992780.0,0.0,1.0,65.44274148206455,66.25270100078714,65.10484425952997,66.15828854154952,2992780.0
2015-01-22,66.95,67.35,66.33,67.24,3285849.0,0.0,1.0,66.53593837849995,66.93346452265827,65.91977285505453,66.82414483301473,3285849.0
2015-01-23,67.28,67.33,66.6,66.72,2386496.0,0.0,1.0,66.86389744743057,66.91358821545036,66.1881030023614,66.30736084560891,2386496.0
2015-01-26,66.75,67.03,66.14,66.96,2320441.0,0.0,1.0,66.33717530642079,66.61544360733161,65.73094793657934,66.5458765321039,2320441.0
2015-01-27,66.28,67.41,66.28,66.835,2407282.0,0.0,1.0,65.87008208703475,66.99309344428202,65.87008208703475,66.42164961205442,2407282.0
2015-01-28,66.84,67.45,65.71,65.74,2488115.0,0.0,1.0,66.42661868885641,67.03284605869786,65.30360733160913,65.333421792421,2488115.0
2015-01-29,65.62,66.39,65.3,66.26,2230435.0,0.0,1.0,65.21416394917351,65.97940177667829,64.89614303384684,65.85020577982684,2230435.0
2015-01-30,65.97,66.17,65.09,65.34,3327962.0,0.0,1.0,65.56199932531204,65.7607623973912,64.68744180816373,64.93589564826269,3327962.0
2015-02-02,65.65,66.24,64.643,66.21,2161688.0,0.0,1.0,65.24397840998539,65.83032947261891,64.2432063420668,65.80051501180704,2161688.0
2015-02-03,66.31,66.99,66.2701,66.97,2126102.0,0.0,1.0,65.89989654784662,66.57569099291577,65.86024331496682,66.55581468570786,2126102.0
2015-02-04,66.64,67.66,66.64,67.075,2378237.0,0.0,1.0,66.22785561677725,67.24154728438097,66.22785561677725,66.66016529854943,2378237.0
2015-02-05,67.74,67.74,66.27,66.935,2747490.0,0.0,1.0,67.32105251321263,67.32105251321263,65.86014393343079,66.52103114809401,2747490.0
2015-02-06,66.99,67.06,66.3501,66.77,2170923.0,0.0,1.0,66.57569099291577,66.64525806814349,65.93974854379849,66.3570516136287,2170923.0
2015-02-09,66.46,66.82,65.89,66.04,2353810.0,0.0,1.0,66.048968851906,66.40674238164848,65.48249409648038,65.63156640053975,2353810.0
2015-02-10,66.52,67.035,66.0,66.89,2292414.0,0.0,1.0,66.10859777352974,66.62041268413358,65.59181378612392,66.4763094568762,2292414.0
2015-02-11,66.89,67.0,64.95,65.07,6447472.0,0.0,1.0,66.4763094568762,66.58562914651974,64.54830765770832,64.6675655009558,6447472.0
2015-02-12,65.11,66.19,65.08,66.17,3995749.0,0.0,1.0,64.70731811537165,65.78063870459913,64.67750365455977,65.7607623973912,3995749.0
2015-02-13,64.54,64.9,63.46,64.415,7277642.0,0.0,1.0,64.14084335994603,64.49861688968852,63.06752277071855,64.01661643989655,7277642.0
2015-02-17,64.0,64.6899,63.6,64.27,4019404.0,0.0,1.0,63.604183065332286,64.28981628246936,63.20665692117396,63.872513212639156,4019404.0
2015-02-18,64.27,64.87,64.17,64.745,2556937.0,0.0,1.0,63.872513212639156,64.46880242887666,63.773131676599576,64.34457550882718,2556937.0
2015-02-19,64.78,64.86,64.01,64.17,2364556.0,0.0,1.0,64.37935904644102,64.45886427527269,63.61412121893625,63.773131676599576,2364556.0
2015-02-20,64.24,64.46,63.83,64.42,4452032.0,0.0,1.0,63.84269875182728,64.06133813111435,63.435234454065,64.02158551669854,4452032.0
2015-02-23,64.19,64.475,63.77,63.97,2903734.0,0.0,1.0,63.79300798380749,64.0762453615203,63.37560553244125,63.57436860452041,2903734.0
2015-02-24,63.75,64.2,63.29,64.08,2464240.0,0.0,1.0,63.35572922523333,63.80294613741145,62.89857415945126,63.68368829416395,2464240.0
2015-02-25,64.18,64.47,63.805,63.97,2690406.0,0.0,1.0,63.78306983020354,64.07127628471832,63.4103890700551,63.57436860452041,2690406.0
2015-02-26,64.13,64.13,63.505,63.775,2498035.0,0.0,1.0,63.73337906218374,63.73337906218374,63.112244461936356,63.380574609243226,2498035.0
2015-02-27,63.86,64.3,63.59,64.06,1858263.0,0.0,1.0,63.465048914876874,63.902327673451026,63.196718767570005,63.663811986956034,1858263.0
2015-03-02,64.15,64.29,63.7,63.8,2090815.0,0.0,1.0,63.75325536939167,63.89238951984708,63.306038457213546,63.40541999325312,2090815.0
2015-03-03,63.7,63.83,63.25,63.78,2040010.0,0.0,1.0,63.306038457213546,63.435234454065,62.858821545035426,63.38554368604521,2040010.0
2015-03-04,63.75,63.88,63.03,63.185,1745061.0,0.0,1.0,63.35572922523333,63.48492522208479,62.64018216574834,62.7942235466097,1745061.0
2015-03-05,63.48,63.48,62.81,63.1,2313841.0,0.0,1.0,63.087399077926456,63.087399077926456,62.421542786461266,62.70974924097605,2313841.0
2015-03-06,63.0,63.15,61.82,62.02,3280378.0,0.0,1.0,62.61036770493647,62.75944000899584,61.43766557966941,61.636428651748574,3280378.0
2015-03-09,61.84,62.47,61.81,62.16,2147109.0,0.0,1.0,61.45754188687732,62.08364556392669,61.42772742606545,61.77556280220398,2147109.0
2015-03-10,61.92,61.95,61.32,61.39,3773456.0,0.0,1.0,61.53704711570899,61.566861576520864,60.9407578994715,61.0103249746992,3773456.0
2015-03-11,61.41,61.64,60.77,60.97,3046610.0,0.0,1.0,61.03020128190712,61.258778814798156,60.3941594512538,60.59292252333296,3046610.0
2015-03-12,61.35,62.14,61.215,62.02,2258159.0,0.0,1.0,60.97057236028337,61.75568649499607,60.83640728662994,61.636428651748574,2258159.0
2015-03-13,61.63,62.08,61.09,61.65,1964929.0,0.0,1.0,61.2488406611942,61.696057573372315,60.71218036658046,61.26871696840212,1964929.0
2015-03-16,61.99,62.26,61.71,62.045,1925524.0,0.0,1.0,61.606614190936696,61.874944338243566,61.328345890025865,61.66127403575847,1925524.0
2015-03-17,61.71,61.99,61.34,61.7,2531579.0,0.0,1.0,61.328345890025865,61.606614190936696,60.960634206679416,61.31840773642191,2531579.0
2015-03-18,61.58,62.07,60.28,61.87,5974398.0,0.0,1.0,61.19914989317441,61.68611941976836,59.907189924659846,61.48735634768919,5974398.0
2015-03-19,61.87,61.9399,61.08,61.3,2489728.0,0.0,1.0,61.48735634768919,61.556824041380864,60.7022422129765,60.92088159226358,2489728.0
2015-03-20,61.65,62.31,61.59,61.94,4885052.0,0.0,1.0,61.26871696840212,61.92463510626336,61.20908804677837,61.5569234229169,4885052.0
2015-03-23,62.09,62.52,61.9,62.12,2539286.0,0.0,1.0,61.705995726976276,62.13333633194648,61.51717080850107,61.73581018778815,2539286.0
2015-03-24,62.12,62.33,61.31,61.325,3416743.0,0.0,1.0,61.73581018778815,61.94451141347127,60.93081974586754,60.94572697627348,3416743.0
2015-03-25,81.45,87.88,80.12,83.17,99898967.0,0.0,1.0,80.9462611042393,87.3364938715844,79.62448667491286,82.6556235241201,99898967.0
2015-03-26,82.0,85.54,82.0,84.39,27038964.0,0.0,1.0,81.49285955245699,85.01096592825819,81.49285955245699,83.868078263803,27038964.0
2015-03-27,83.63,89.84,83.56,89.1,28934755.0,0.0,1.0,83.11277858990216,89.2843719779602,83.04321151467447,88.54894861126729,28934755.0
2015-03-30,88.56,90.61,87.36,90.61,20094048.0,0.0,1.0,88.01228831665355,90.04960980546498,86.81970988417856,90.04960980546498,20094048.0
2015-03-31,89.62,90.0,86.51,87.115,20914864.0,0.0,1.0,89.06573259867312,89.44338243562353,85.97496682784214,86.57622512088159,20914864.0
2015-04-01,86.5,90.75,85.86,90.7,14499542.0,0.0,1.0,85.96502867423817,90.18874395592039,85.32898684358484,90.1390531879006,14499542.0
2015-04-02,90.0,91.32,88.34,88.95,16530160.0,0.0,1.0,89.44338243562353,90.755218711346,87.79364893736647,88.39987630720792,16530160.0
2015-04-06,88.4,89.18,88.1,88.76,12016233.0,0.0,1.0,87.85327785899023,88.62845384009897,87.55513325087146,88.21105138873271,12016233.0
2015-04-07,88.3,90.2,87.67,89.34,8939360.0,0.0,1.0,87.75389632295064,89.6421455077027,87.12779264590128,88.7874642977623,8939360.0
2015-04-08,88.5,88.93,87.495,88.38,7540950.0,0.55,1.0,88.5,88.93,87.495,88.38,7540950.0
2015-04-09,87.95,89.5,87.33,89.4,6802748.0,0.0,1.0,87.95,89.5,87.33,89.4,6802748.0
2015-04-10,88.81,89.4,88.2,89.27,3732609.0,0.0,1.0,88.81,89.4,88.2,89.27,3732609.0
2015-04-13,88.89,88.95,87.59,88.37,4968829.0,0.0,1.0,88.89,88.95,87.59,88.37,4968829.0
2015-04-14,87.77,88.06,87.03,87.155,4154669.0,0.0,1.0,87.77,88.06,87.03,87.155,4154669.0
2015-04-15,86.57,87.4474,86.35,86.86,4309650.0,0.0,1.0,86.57,87.4474,86.35,86.86,4309650.0
2015-04-16,86.3,87.24,86.1,87.05,3373350.0,0.0,1.0,86.3,87.24,86.1,87.05,3373350.0
2015-04-17,86.07,87.12,86.0,86.73,4061207.0,0.0,1.0,86.07,87.12,86.0,86.73,4061207.0
2015-04-20,86.8,87.89,86.62,87.63,3281569.0,0.0,1.0,86.8,87.89,86.62,87.63,3281569.0
2015-04-21,87.63,89.0,87.31,88.47,2906968.0,0.0,1.0,87.63,89.0,87.31,88.47,2906968.0
2015-04-22,88.27,88.64,87.53,88.25,3199078.0,0.0,1.0,88.27,88.64,87.53,88.25,3199078.0
2015-04-23,87.8,88.4,87.56,88.38,3637762.0,0.0,1.0,87.8,88.4,87.56,88.38,3637762.0
2015-04-24,88.46,88.86,87.501,87.57,2999733.0,0.0,1.0,88.46,88.86,87.501,87.57,2999733.0
2015-04-27,87.55,87.55,85.74,85.87,4672781.0,0.0,1.0,87.55,87.55,85.74,85.87,4672781.0
2015-04-28,85.61,86.56,85.43,85.88,5490202.0,0.0,1.0,85.61,86.56,85.43,85.88,5490202.0
2015-04-29,86.11,86.47,84.96,85.08,3428273.0,0.0,1.0,86.11,86.47,84.96,85.08,3428273.0
2015-04-30,84.09,85.12,83.98,84.75,3730580.0,0.0,1.0,84.09,85.12,83.98,84.75,3730580.0
2015-05-01,84.87,85.91,84.501,84.675,2535521.0,0.0,1.0,84.87,85.91,84.501,84.675,2535521.0
2015-05-04,84.31,85.15,83.75,84.29,4430571.0,0.0,1.0,84.31,85.15,83.75,84.29,4430571.0
2015-05-05,84.11,84.525,83.4,84.355,4743851.0,0.0,1.0,84.11,84.525,83.4,84.355,4743851.0
2015-05-06,84.14,84.585,83.44,83.99,4362240.0,0.0,1.0,84.14,84.585,83.44,83.99,4362240.0
2015-05-07,83.85,84.71,83.435,84.51,2186012.0,0.0,1.0,83.85,84.71,83.435,84.51,2186012.0
2015-05-08,84.9,86.5,84.68,86.04,3457021.0,0.0,1.0,84.9,86.5,84.68,86.04,3457021.0
2015-05-11,85.77,86.64,85.19,86.2,3826053.0,0.0,1.0,85.77,86.64,85.19,86.2,3826053.0
2015-05-12,85.74,85.98,84.79,85.03,2221593.0,0.0,1.0,85.74,85.98,84.79,85.03,2221593.0
2015-05-13,85.11,85.67,84.13,84.15,2556820.0,0.0,1.0,85.11,85.67,84.13,84.15,2556820.0
2015-05-14,84.5,86.21,84.38,85.97,3143644.0,0.0,1.0,84.5,86.21,84.38,85.97,3143644.0
2015-05-15,86.28,86.57,85.01,85.44,3376849.0,0.0,1.0,86.28,86.57,85.01,85.44,3376849.0
2015-05-18,85.13,86.09,84.75,85.49,3716637.0,0.0,1.0,85.13,86.09,84.75,85.49,3716637.0
2015-05-19,85.17,85.84,84.615,85.07,5157517.0,0.0,1.0,85.17,85.84,84.615,85.07,5157517.0
2015-05-20,85.06,86.44,84.86,85.45,6371755.0,0.0,1.0,85.06,86.44,84.86,85.45,6371755.0
2015-05-21,85.27,85.78,84.59,85.75,2334860.0,0.0,1.0,85.27,85.78,84.59,85.75,2334860.0
2015-05-22,85.57,85.74,84.952,85.0,1282914.0,0.0,1.0,85.57,85.74,84.952,85.0,1282914.0
2015-05-26,84.93,85.3,84.29,85.0,2902648.0,0.0,1.0,84.93,85.3,84.29,85.0,2902648.0
2015-05-27,85.25,85.5,84.26,84.33,2832664.0,0.0,1.0,85.25,85.5,84.26,84.33,2832664.0
2015-05-28,84.2,85.22,84.06,85.14,1818510.0,0.0,1.0,84.2,85.22,84.06,85.14,1818510.0
2015-05-29,84.85,84.93,84.22,84.45,2037201.0,0.0,1.0,84.85,84.93,84.22,84.45,2037201.0
2015-06-01,84.54,84.72,84.0,84.27,1722451.0,0.0,1.0,84.54,84.72,84.0,84.27,1722451.0
2015-06-02,84.0,84.57,83.9,84.33,3073683.0,0.0,1.0,84.0,84.57,83.9,84.33,3073683.0
2015-06-03,84.39,84.77,83.88,84.26,4058031.0,0.0,1.0,84.39,84.77,83.88,84.26,4058031.0
2015-06-04,83.84,84.25,83.27,83.61,1926989.0,0.0,1.0,83.84,84.25,83.27,83.61,1926989.0
2015-06-05,83.18,84.2,82.94,83.37,2629310.0,0.0,1.0,83.18,84.2,82.94,83.37,2629310.0
2015-06-08,83.48,83.9,82.85,83.35,3667067.0,0.0,1.0,83.48,83.9,82.85,83.35,3667067.0
2015-06-09,83.67,84.71,83.375,84.01,2405289.0,0.0,1.0,83.67,84.71,83.375,84.01,2405289.0
2015-06-10,83.96,84.65,83.57,84.34,2134196.0,0.0,1.0,83.96,84.65,83.57,84.34,2134196.0
2015-06-11,84.21,85.29,84.0801,84.51,2492783.0,0.0,1.0,84.21,85.29,84.0801,84.51,2492783.0
2015-06-12,84.44,85.28,84.25,84.7,3210447.0,0.0,1.0,84.44,85.28,84.25,84.7,3210447.0
2015-06-15,84.26,85.19,84.25,84.76,3231992.0,0.0,1.0,84.26,85.19,84.25,84.76,3231992.0
2015-06-16,84.82,85.21,84.38,85.2,1754693.0,0.0,1.0,84.82,85.21,84.38,85.2,1754693.0
2015-06-17,85.2,85.72,84.72,85.46,2832813.0,0.0,1.0,85.2,85.72,84.72,85.46,2832813.0
2015-06-18,85.79,87.62,85.668,86.83,4563974.0,0.0,1.0,85.79,87.62,85.668,86.83,4563974.0
2015-06-19,86.76,87.93,86.66,87.2,5911436.0,0.0,1.0,86.76,87.93,86.66,87.2,5911436.0
2015-06-22,87.7,87.99,87.075,87.58,2815286.0,0.0,1.0,87.7,87.99,87.075,87.58,2815286.0
2015-06-23,87.86,88.0,87.3,87.7,2919237.0,0.0,1.0,87.86,88.0,87.3,87.7,2919237.0
2015-06-24,87.8,87.8,86.5,87.3,3841232.0,0.0,1.0,87.8,87.8,86.5,87.3,3841232.0
2015-06-25,87.49,89.34,87.42,87.725,3412811.0,0.0,1.0,87.49,89.34,87.42,87.725,3412811.0
2015-06-26,87.72,88.0,86.45,86.98,4685138.0,0.0,1.0,87.72,88.0,86.45,86.98,4685138.0
2015-06-29,86.51,86.94,85.62,85.675,2629926.0,0.0,1.0,86.51,86.94,85.62,85.675,2629926.0
2015-06-30,86.42,87.06,85.14,85.14,4520091.0,0.0,1.0,86.42,87.06,85.14,85.14,4520091.0
2015-07-01,85.49,88.36,85.29,88.3,3078249.0,0.0,1.0,85.49,88.36,85.29,88.3,3078249.0
2015-07-02,88.0,89.54,87.5101,88.19,3954167.0,0.0,1.0,88.0,89.54,87.5101,88.19,3954167.0
